게임ID,날짜,PUUID,결과,KDA
#8361563750,2026-08-30 17:24,1a69a4f5-32c7-57f9-be56-fb56bf263513,패배,6/7/1
#8361563750,2026-08-30 17:24,ca35d025-a97f-5e6f-a185-1a3e0bc24c0c,패배,1/7/8
#8361563750,2026-08-30 17:24,c23b7868-d95a-59be-b81b-6cf5103b4827,패배,1/4/6
#8361563750,2026-08-30 17:24,702dbc2f-105c-5ec9-b414-b980ad393153,패배,5/3/5
#8361563750,2026-08-30 17:24,bc7d9161-a7d7-559a-9a9f-ac3c63c6e84d,패배,2/11/10
#8361563750,2026-08-30 17:24,5b3bf88d-076a-5339-9317-e6e1ba821cad,승리,11/3/5
#8361563750,2026-08-30 17:24,fa6d5ea3-c57a-500a-9f4d-c2c1e9265684,승리,14/3/10
#8361563750,2026-08-30 17:24,f6913164-7a0a-5d4f-a898-54665431820b,승리,5/4/13
#8361563750,2026-08-30 17:24,97e307f3-f84d-5b46-9ac5-b8edba86bfa5,승리,1/2/18
#8361563750,2026-08-30 17:24,73291f2a-d93a-59c4-8627-10679a8932a6,승리,1/3/20
#8362588549,2026-08-31 03:08,1d7539b5-5566-57d4-b9cd-5158923a589d,패배,11/13/16
#8362588549,2026-08-31 03:08,cac75d28-bc8f-535a-9cba-80d88502dbd1,패배,3/9/27
#8362588549,2026-08-31 03:08,3e583936-ec9b-5f86-a923-77adcd637241,패배,10/7/20
#8362588549,2026-08-31 03:08,9cf20ad8-ea37-5c6b-a6f7-3b5d69dce526,패배,10/17/20
#8362588549,2026-08-31 03:08,af3c1609-d379-52f6-98b7-fe36b0ce25ea,패배,7/11/24
#8362588549,2026-08-31 03:08,15e34f7e-6eb9-5638-b11d-47284ddad510,승리,3/6/24
#8362588549,2026-08-31 03:08,fa6d5ea3-c57a-500a-9f4d-c2c1e9265684,승리,17/6/25
#8362588549,2026-08-31 03:08,dc7ecf5f-0952-573d-9eae-96253295d4c5,승리,9/10/23
#8362588549,2026-08-31 03:08,7e2bfe82-2409-5da9-968b-246723d3b167,승리,18/13/12
#8362588549,2026-08-31 03:08,571b9bb0-8cd9-5b9e-81e6-814b49141ad4,승리,10/6/16
#8362605110,2026-08-31 03:28,1d7539b5-5566-57d4-b9cd-5158923a589d,승리,17/7/13
#8362605110,2026-08-31 03:28,571b9bb0-8cd9-5b9e-81e6-814b49141ad4,패배,8/12/22
#8362605110,2026-08-31 03:28,dc7ecf5f-0952-573d-9eae-96253295d4c5,패배,6/7/25
#8362605110,2026-08-31 03:28,fa6d5ea3-c57a-500a-9f4d-c2c1e9265684,패배,1/5/29
#8362605110,2026-08-31 03:28,15e34f7e-6eb9-5638-b11d-47284ddad510,패배,14/7/14
#8362605110,2026-08-31 03:28,7e2bfe82-2409-5da9-968b-246723d3b167,패배,8/9/22
#8362605110,2026-08-31 03:28,cac75d28-bc8f-535a-9cba-80d88502dbd1,승리,2/2/36
#8362605110,2026-08-31 03:28,af3c1609-d379-52f6-98b7-fe36b0ce25ea,승리,3/10/27
#8362605110,2026-08-31 03:28,9cf20ad8-ea37-5c6b-a6f7-3b5d69dce526,승리,11/11/24
#8362605110,2026-08-31 03:28,3e583936-ec9b-5f86-a923-77adcd637241,승리,7/7/13
#8362603673,2026-08-31 03:45,1d7539b5-5566-57d4-b9cd-5158923a589d,패배,16/12/19
#8362603673,2026-08-31 03:45,fa6d5ea3-c57a-500a-9f4d-c2c1e9265684,승리,13/5/12
#8362603673,2026-08-31 03:45,15e34f7e-6eb9-5638-b11d-47284ddad510,승리,3/9/12
#8362603673,2026-08-31 03:45,dc7ecf5f-0952-573d-9eae-96253295d4c5,승리,9/11/12
#8362603673,2026-08-31 03:45,7e2bfe82-2409-5da9-968b-246723d3b167,승리,18/10/19
#8362603673,2026-08-31 03:45,571b9bb0-8cd9-5b9e-81e6-814b49141ad4,승리,7/12/10
#8362603673,2026-08-31 03:45,cac75d28-bc8f-535a-9cba-80d88502dbd1,패배,8/9/24
#8362603673,2026-08-31 03:45,3e583936-ec9b-5f86-a923-77adcd637241,패배,3/8/28
#8362603673,2026-08-31 03:45,af3c1609-d379-52f6-98b7-fe36b0ce25ea,패배,15/9/12
#8362603673,2026-08-31 03:45,9cf20ad8-ea37-5c6b-a6f7-3b5d69dce526,패배,5/12/23
#8362624234,2026-08-31 04:16,571b9bb0-8cd9-5b9e-81e6-814b49141ad4,승리,16/12/35
#8362624234,2026-08-31 04:16,dc7ecf5f-0952-573d-9eae-96253295d4c5,패배,6/15/30
#8362624234,2026-08-31 04:16,9cf20ad8-ea37-5c6b-a6f7-3b5d69dce526,패배,7/10/46
#8362624234,2026-08-31 04:16,7e2bfe82-2409-5da9-968b-246723d3b167,패배,17/18/19
#8362624234,2026-08-31 04:16,af3c1609-d379-52f6-98b7-fe36b0ce25ea,패배,22/10/10
#8362624234,2026-08-31 04:16,3e583936-ec9b-5f86-a923-77adcd637241,패배,8/12/30
#8362624234,2026-08-31 04:16,cac75d28-bc8f-535a-9cba-80d88502dbd1,승리,12/12/37
#8362624234,2026-08-31 04:16,15e34f7e-6eb9-5638-b11d-47284ddad510,승리,11/15/18
#8362624234,2026-08-31 04:16,1d7539b5-5566-57d4-b9cd-5158923a589d,승리,7/10/34
#8362624234,2026-08-31 04:16,fa6d5ea3-c57a-500a-9f4d-c2c1e9265684,승리,19/11/30
#8362624234,2026-08-31 04:16,1d7539b5-5566-57d4-b9cd-5158923a589d,승리,7/10/34
#8362624234,2026-08-31 04:16,dc7ecf5f-0952-573d-9eae-96253295d4c5,패배,6/15/30
#8362624234,2026-08-31 04:16,9cf20ad8-ea37-5c6b-a6f7-3b5d69dce526,패배,7/10/46
#8362624234,2026-08-31 04:16,7e2bfe82-2409-5da9-968b-246723d3b167,패배,17/18/19
#8362624234,2026-08-31 04:16,af3c1609-d379-52f6-98b7-fe36b0ce25ea,패배,22/10/10
#8362624234,2026-08-31 04:16,3e583936-ec9b-5f86-a923-77adcd637241,패배,8/12/30
#8362624234,2026-08-31 04:16,cac75d28-bc8f-535a-9cba-80d88502dbd1,승리,12/12/37
#8362624234,2026-08-31 04:16,15e34f7e-6eb9-5638-b11d-47284ddad510,승리,11/15/18
#8362624234,2026-08-31 04:16,fa6d5ea3-c57a-500a-9f4d-c2c1e9265684,승리,19/11/30
#8362624234,2026-08-31 04:16,571b9bb0-8cd9-5b9e-81e6-814b49141ad4,승리,16/12/35
#8362632510,2026-08-31 04:41,1d7539b5-5566-57d4-b9cd-5158923a589d,패배,19/13/20
#8362632510,2026-08-31 04:41,cac75d28-bc8f-535a-9cba-80d88502dbd1,패배,17/15/22
#8362632510,2026-08-31 04:41,fa6d5ea3-c57a-500a-9f4d-c2c1e9265684,패배,7/13/36
#8362632510,2026-08-31 04:41,15e34f7e-6eb9-5638-b11d-47284ddad510,패배,4/9/28
#8362632510,2026-08-31 04:41,571b9bb0-8cd9-5b9e-81e6-814b49141ad4,패배,12/16/24
#8362632510,2026-08-31 04:41,dc7ecf5f-0952-573d-9eae-96253295d4c5,승리,24/11/25
#8362632510,2026-08-31 04:41,9cf20ad8-ea37-5c6b-a6f7-3b5d69dce526,승리,15/18/29
#8362632510,2026-08-31 04:41,7e2bfe82-2409-5da9-968b-246723d3b167,승리,15/12/25
#8362632510,2026-08-31 04:41,3e583936-ec9b-5f86-a923-77adcd637241,승리,5/11/19
#8362632510,2026-08-31 04:41,af3c1609-d379-52f6-98b7-fe36b0ce25ea,승리,7/7/45
#8362633862,2026-08-31 05:08,571b9bb0-8cd9-5b9e-81e6-814b49141ad4,패배,11/16/21
#8362633862,2026-08-31 05:08,1d7539b5-5566-57d4-b9cd-5158923a589d,패배,4/6/38
#8362633862,2026-08-31 05:08,cac75d28-bc8f-535a-9cba-80d88502dbd1,패배,13/5/27
#8362633862,2026-08-31 05:08,fa6d5ea3-c57a-500a-9f4d-c2c1e9265684,패배,17/9/24
#8362633862,2026-08-31 05:08,15e34f7e-6eb9-5638-b11d-47284ddad510,패배,7/5/34
#8362633862,2026-08-31 05:08,dc7ecf5f-0952-573d-9eae-96253295d4c5,승리,6/7/16
#8362633862,2026-08-31 05:08,9cf20ad8-ea37-5c6b-a6f7-3b5d69dce526,승리,9/13/10
#8362633862,2026-08-31 05:08,7e2bfe82-2409-5da9-968b-246723d3b167,승리,16/10/13
#8362633862,2026-08-31 05:08,3e583936-ec9b-5f86-a923-77adcd637241,승리,4/11/24
#8362633862,2026-08-31 05:08,af3c1609-d379-52f6-98b7-fe36b0ce25ea,승리,6/11/15
#8362633862,2026-08-31 05:07,1d7539b5-5566-57d4-b9cd-5158923a589d,패배,4/6/38
#8362633862,2026-08-31 05:07,cac75d28-bc8f-535a-9cba-80d88502dbd1,패배,13/5/27
#8362633862,2026-08-31 05:07,fa6d5ea3-c57a-500a-9f4d-c2c1e9265684,패배,17/9/24
#8362633862,2026-08-31 05:07,15e34f7e-6eb9-5638-b11d-47284ddad510,패배,7/5/34
#8362633862,2026-08-31 05:07,571b9bb0-8cd9-5b9e-81e6-814b49141ad4,패배,11/16/21
#8362633862,2026-08-31 05:07,dc7ecf5f-0952-573d-9eae-96253295d4c5,승리,6/7/16
#8362633862,2026-08-31 05:07,9cf20ad8-ea37-5c6b-a6f7-3b5d69dce526,승리,9/13/10
#8362633862,2026-08-31 05:07,7e2bfe82-2409-5da9-968b-246723d3b167,승리,16/10/13
#8362633862,2026-08-31 05:07,3e583936-ec9b-5f86-a923-77adcd637241,승리,4/11/24
#8362633862,2026-08-31 05:07,af3c1609-d379-52f6-98b7-fe36b0ce25ea,승리,6/11/15
#8362642656,2026-08-31 05:30,571b9bb0-8cd9-5b9e-81e6-814b49141ad4,패배,6/20/22
#8362642656,2026-08-31 05:30,dc7ecf5f-0952-573d-9eae-96253295d4c5,패배,15/16/27
#8362642656,2026-08-31 05:30,454320a7-8c33-58cc-a8ce-300dd2f3c4b9,패배,21/15/20
#8362642656,2026-08-31 05:30,cac75d28-bc8f-535a-9cba-80d88502dbd1,패배,19/18/23
#8362642656,2026-08-31 05:30,3e583936-ec9b-5f86-a923-77adcd637241,패배,3/16/26
#8362642656,2026-08-31 05:30,7e2bfe82-2409-5da9-968b-246723d3b167,승리,18/15/42
#8362642656,2026-08-31 05:30,77bb09d0-2c95-596d-885a-3be23112cc76,승리,14/12/34
#8362642656,2026-08-31 05:30,9cf20ad8-ea37-5c6b-a6f7-3b5d69dce526,승리,20/15/31
#8362642656,2026-08-31 05:30,15e34f7e-6eb9-5638-b11d-47284ddad510,승리,28/9/30
#8362642656,2026-08-31 05:30,af3c1609-d379-52f6-98b7-fe36b0ce25ea,승리,5/14/45
#8362658158,2026-08-31 05:57,571b9bb0-8cd9-5b9e-81e6-814b49141ad4,승리,10/10/21
#8362658158,2026-08-31 05:57,15e34f7e-6eb9-5638-b11d-47284ddad510,패배,10/10/21
#8362658158,2026-08-31 05:57,9cf20ad8-ea37-5c6b-a6f7-3b5d69dce526,패배,4/15/18
#8362658158,2026-08-31 05:57,7e2bfe82-2409-5da9-968b-246723d3b167,패배,9/10/22
#8362658158,2026-08-31 05:57,77bb09d0-2c95-596d-885a-3be23112cc76,패배,11/10/24
#8362658158,2026-08-31 05:57,af3c1609-d379-52f6-98b7-fe36b0ce25ea,패배,12/13/22
#8362658158,2026-08-31 05:57,3e583936-ec9b-5f86-a923-77adcd637241,승리,8/8/21
#8362658158,2026-08-31 05:57,454320a7-8c33-58cc-a8ce-300dd2f3c4b9,승리,9/11/27
#8362658158,2026-08-31 05:57,dc7ecf5f-0952-573d-9eae-96253295d4c5,승리,19/8/21
#8362658158,2026-08-31 05:57,cac75d28-bc8f-535a-9cba-80d88502dbd1,승리,12/9/33
#8362654685,2026-08-31 06:14,571b9bb0-8cd9-5b9e-81e6-814b49141ad4,승리,12/15/19
#8362654685,2026-08-31 06:14,15e34f7e-6eb9-5638-b11d-47284ddad510,패배,21/11/24
#8362654685,2026-08-31 06:14,9cf20ad8-ea37-5c6b-a6f7-3b5d69dce526,패배,7/12/33
#8362654685,2026-08-31 06:14,7e2bfe82-2409-5da9-968b-246723d3b167,패배,22/10/25
#8362654685,2026-08-31 06:14,77bb09d0-2c95-596d-885a-3be23112cc76,패배,9/12/23
#8362654685,2026-08-31 06:14,af3c1609-d379-52f6-98b7-fe36b0ce25ea,패배,6/11/43
#8362654685,2026-08-31 06:14,3e583936-ec9b-5f86-a923-77adcd637241,승리,15/13/18
#8362654685,2026-08-31 06:14,454320a7-8c33-58cc-a8ce-300dd2f3c4b9,승리,13/14/16
#8362654685,2026-08-31 06:14,dc7ecf5f-0952-573d-9eae-96253295d4c5,승리,7/13/21
#8362654685,2026-08-31 06:14,cac75d28-bc8f-535a-9cba-80d88502dbd1,승리,8/10/23
#8376219370,2026-09-11 00:50,fa6d5ea3-c57a-500a-9f4d-c2c1e9265684,패배,7/8/36
#8376219370,2026-09-11 00:50,f77ab658-de62-52da-a1e5-3a0b018e1495,패배,7/13/31
#8376219370,2026-09-11 00:50,454320a7-8c33-58cc-a8ce-300dd2f3c4b9,패배,15/13/17
#8376219370,2026-09-11 00:50,cac75d28-bc8f-535a-9cba-80d88502dbd1,패배,10/12/28
#8376219370,2026-09-11 00:50,77bb09d0-2c95-596d-885a-3be23112cc76,패배,18/18/22
#8376219370,2026-09-11 00:50,c0a4bb50-24f8-5d32-b20b-3e2a730399e7,승리,8/15/33
#8376219370,2026-09-11 00:50,1d7539b5-5566-57d4-b9cd-5158923a589d,승리,26/10/27
#8376219370,2026-09-11 00:50,31e88dc8-bc4a-5b0e-b7f0-9d47bec34024,승리,17/8/31
#8376219370,2026-09-11 00:50,aa2fbfdd-c17f-5e1b-a04e-8567e1c45d5e,승리,8/10/33
#8376219370,2026-09-11 00:50,7e2bfe82-2409-5da9-968b-246723d3b167,승리,5/14/51
#8376251143,2026-09-11 01:09,aa2fbfdd-c17f-5e1b-a04e-8567e1c45d5e,승리,7/11/32
#8376251143,2026-09-11 01:09,1d7539b5-5566-57d4-b9cd-5158923a589d,승리,11/8/29
#8376251143,2026-09-11 01:09,7e2bfe82-2409-5da9-968b-246723d3b167,승리,25/10/25
#8376251143,2026-09-11 01:09,31e88dc8-bc4a-5b0e-b7f0-9d47bec34024,승리,12/12/18
#8376251143,2026-09-11 01:09,c0a4bb50-24f8-5d32-b20b-3e2a730399e7,승리,4/13/37
#8376251143,2026-09-11 01:09,cac75d28-bc8f-535a-9cba-80d88502dbd1,패배,13/8/20
#8376251143,2026-09-11 01:09,454320a7-8c33-58cc-a8ce-300dd2f3c4b9,패배,6/13/27
#8376251143,2026-09-11 01:09,fa6d5ea3-c57a-500a-9f4d-c2c1e9265684,패배,16/10/22
#8376251143,2026-09-11 01:09,77bb09d0-2c95-596d-885a-3be23112cc76,패배,12/15/29
#8376251143,2026-09-11 01:09,f77ab658-de62-52da-a1e5-3a0b018e1495,패배,7/13/26
#8376257423,2026-09-11 01:31,aa2fbfdd-c17f-5e1b-a04e-8567e1c45d5e,승리,7/15/29
#8376257423,2026-09-11 01:31,1d7539b5-5566-57d4-b9cd-5158923a589d,승리,24/12/33
#8376257423,2026-09-11 01:31,7e2bfe82-2409-5da9-968b-246723d3b167,승리,11/13/45
#8376257423,2026-09-11 01:31,31e88dc8-bc4a-5b0e-b7f0-9d47bec34024,승리,30/16/26
#8376257423,2026-09-11 01:31,c0a4bb50-24f8-5d32-b20b-3e2a730399e7,승리,12/12/41
#8376257423,2026-09-11 01:31,cac75d28-bc8f-535a-9cba-80d88502dbd1,패배,18/17/23
#8376257423,2026-09-11 01:31,454320a7-8c33-58cc-a8ce-300dd2f3c4b9,패배,18/16/25
#8376257423,2026-09-11 01:31,fa6d5ea3-c57a-500a-9f4d-c2c1e9265684,패배,13/14/21
#8376257423,2026-09-11 01:31,77bb09d0-2c95-596d-885a-3be23112cc76,패배,12/21/22
#8376257423,2026-09-11 01:31,f77ab658-de62-52da-a1e5-3a0b018e1495,패배,7/16/40
#8376282400,2026-09-11 01:59,7e2bfe82-2409-5da9-968b-246723d3b167,승리,21/7/24
#8376282400,2026-09-11 01:59,77bb09d0-2c95-596d-885a-3be23112cc76,승리,6/10/19
#8376282400,2026-09-11 01:59,c0a4bb50-24f8-5d32-b20b-3e2a730399e7,승리,5/10/23
#8376282400,2026-09-11 01:59,454320a7-8c33-58cc-a8ce-300dd2f3c4b9,승리,14/10/22
#8376282400,2026-09-11 01:59,31e88dc8-bc4a-5b0e-b7f0-9d47bec34024,승리,7/13/24
#8376282400,2026-09-11 01:59,fa6d5ea3-c57a-500a-9f4d-c2c1e9265684,패배,16/15/16
#8376282400,2026-09-11 01:59,f77ab658-de62-52da-a1e5-3a0b018e1495,패배,4/10/28
#8376282400,2026-09-11 01:59,aa2fbfdd-c17f-5e1b-a04e-8567e1c45d5e,패배,7/10/19
#8376282400,2026-09-11 01:59,15e34f7e-6eb9-5638-b11d-47284ddad510,패배,7/11/25
#8376282400,2026-09-11 01:59,1d7539b5-5566-57d4-b9cd-5158923a589d,패배,14/7/17
#8376294283,2026-09-11 02:21,1d7539b5-5566-57d4-b9cd-5158923a589d,패배,3/12/20
#8376294283,2026-09-11 02:21,aa2fbfdd-c17f-5e1b-a04e-8567e1c45d5e,패배,5/10/19
#8376294283,2026-09-11 02:21,f77ab658-de62-52da-a1e5-3a0b018e1495,패배,6/13/13
#8376294283,2026-09-11 02:21,15e34f7e-6eb9-5638-b11d-47284ddad510,패배,12/12/9
#8376294283,2026-09-11 02:21,fa6d5ea3-c57a-500a-9f4d-c2c1e9265684,패배,7/15/14
#8376294283,2026-09-11 02:21,454320a7-8c33-58cc-a8ce-300dd2f3c4b9,승리,20/9/24
#8376294283,2026-09-11 02:21,7e2bfe82-2409-5da9-968b-246723d3b167,승리,18/8/30
#8376294283,2026-09-11 02:21,77bb09d0-2c95-596d-885a-3be23112cc76,승리,17/8/29
#8376294283,2026-09-11 02:21,c0a4bb50-24f8-5d32-b20b-3e2a730399e7,승리,6/5/42
#8376294283,2026-09-11 02:21,31e88dc8-bc4a-5b0e-b7f0-9d47bec34024,승리,1/3/50
#8376304728,2026-09-11 02:42,1d7539b5-5566-57d4-b9cd-5158923a589d,패배,10/16/56
#8376304728,2026-09-11 02:42,aa2fbfdd-c17f-5e1b-a04e-8567e1c45d5e,패배,10/14/42
#8376304728,2026-09-11 02:42,f77ab658-de62-52da-a1e5-3a0b018e1495,패배,15/15/31
#8376304728,2026-09-11 02:42,15e34f7e-6eb9-5638-b11d-47284ddad510,패배,21/16/24
#8376304728,2026-09-11 02:42,fa6d5ea3-c57a-500a-9f4d-c2c1e9265684,패배,22/17/32
#8376304728,2026-09-11 02:42,454320a7-8c33-58cc-a8ce-300dd2f3c4b9,승리,3/15/28
#8376304728,2026-09-11 02:42,7e2bfe82-2409-5da9-968b-246723d3b167,승리,27/16/14
#8376304728,2026-09-11 02:42,c0a4bb50-24f8-5d32-b20b-3e2a730399e7,승리,14/10/31
#8376304728,2026-09-11 02:42,31e88dc8-bc4a-5b0e-b7f0-9d47bec34024,승리,16/18/28
#8376304728,2026-09-11 02:42,77bb09d0-2c95-596d-885a-3be23112cc76,승리,18/19/25
#8377655313,2026-09-12 04:32,7e2bfe82-2409-5da9-968b-246723d3b167,패배,22/13/14
#8377655313,2026-09-12 04:32,fa6d5ea3-c57a-500a-9f4d-c2c1e9265684,승리,16/17/19
#8377655313,2026-09-12 04:32,dc7ecf5f-0952-573d-9eae-96253295d4c5,승리,6/12/33
#8377655313,2026-09-12 04:32,9698fdaf-6098-5b6c-80f4-e1b06071009c,승리,10/7/38
#8377655313,2026-09-12 04:32,d18ec7c7-d61a-58b8-98d9-ee36e9b5ce58,승리,13/14/25
#8377655313,2026-09-12 04:32,a7fe1bb4-32ca-51b2-9048-183e2cb1cce7,승리,21/11/20
#8377655313,2026-09-12 04:32,c0a4bb50-24f8-5d32-b20b-3e2a730399e7,패배,2/15/38
#8377655313,2026-09-12 04:32,f691451d-87d3-5db5-94cf-22971436cf70,패배,10/14/23
#8377655313,2026-09-12 04:32,1d7539b5-5566-57d4-b9cd-5158923a589d,패배,23/14/25
#8377655313,2026-09-12 04:32,6a4f5512-0b22-5bd1-ae85-8d8c07d751ab,패배,4/10/36
#8377657320,2026-09-12 04:55,7e2bfe82-2409-5da9-968b-246723d3b167,승리,21/7/26
#8377657320,2026-09-12 04:55,1d7539b5-5566-57d4-b9cd-5158923a589d,승리,12/8/21
#8377657320,2026-09-12 04:55,6a4f5512-0b22-5bd1-ae85-8d8c07d751ab,승리,5/11/29
#8377657320,2026-09-12 04:55,c0a4bb50-24f8-5d32-b20b-3e2a730399e7,승리,3/5/23
#8377657320,2026-09-12 04:55,f691451d-87d3-5db5-94cf-22971436cf70,승리,17/13/24
#8377657320,2026-09-12 04:55,dc7ecf5f-0952-573d-9eae-96253295d4c5,패배,11/13/20
#8377657320,2026-09-12 04:55,d18ec7c7-d61a-58b8-98d9-ee36e9b5ce58,패배,10/14/23
#8377657320,2026-09-12 04:55,9698fdaf-6098-5b6c-80f4-e1b06071009c,패배,7/5/27
#8377657320,2026-09-12 04:55,fa6d5ea3-c57a-500a-9f4d-c2c1e9265684,패배,13/13/16
#8377657320,2026-09-12 04:55,a7fe1bb4-32ca-51b2-9048-183e2cb1cce7,패배,3/13/23
#8377655965,2026-09-12 05:13,7e2bfe82-2409-5da9-968b-246723d3b167,패배,16/21/14
#8377655965,2026-09-12 05:13,6a4f5512-0b22-5bd1-ae85-8d8c07d751ab,패배,8/20/27
#8377655965,2026-09-12 05:13,c0a4bb50-24f8-5d32-b20b-3e2a730399e7,패배,8/10/27
#8377655965,2026-09-12 05:13,f691451d-87d3-5db5-94cf-22971436cf70,패배,14/10/26
#8377655965,2026-09-12 05:13,1d7539b5-5566-57d4-b9cd-5158923a589d,패배,6/7/34
#8377655965,2026-09-12 05:13,d18ec7c7-d61a-58b8-98d9-ee36e9b5ce58,승리,17/11/36
#8377655965,2026-09-12 05:13,9698fdaf-6098-5b6c-80f4-e1b06071009c,승리,14/13/31
#8377655965,2026-09-12 05:13,fa6d5ea3-c57a-500a-9f4d-c2c1e9265684,승리,14/13/40
#8377655965,2026-09-12 05:13,dc7ecf5f-0952-573d-9eae-96253295d4c5,승리,17/8/31
#8377655965,2026-09-12 05:13,a7fe1bb4-32ca-51b2-9048-183e2cb1cce7,승리,6/7/47
#8377669540,2026-09-12 05:38,7e2bfe82-2409-5da9-968b-246723d3b167,패배,22/13/19
#8377669540,2026-09-12 05:38,1d7539b5-5566-57d4-b9cd-5158923a589d,패배,4/12/43
#8377669540,2026-09-12 05:38,9698fdaf-6098-5b6c-80f4-e1b06071009c,패배,3/5/47
#8377669540,2026-09-12 05:38,fa6d5ea3-c57a-500a-9f4d-c2c1e9265684,패배,19/14/23
#8377669540,2026-09-12 05:38,a7fe1bb4-32ca-51b2-9048-183e2cb1cce7,패배,10/6/37
#8377669540,2026-09-12 05:38,6a4f5512-0b22-5bd1-ae85-8d8c07d751ab,승리,13/9/26
#8377669540,2026-09-12 05:38,c0a4bb50-24f8-5d32-b20b-3e2a730399e7,승리,1/13/31
#8377669540,2026-09-12 05:38,d18ec7c7-d61a-58b8-98d9-ee36e9b5ce58,승리,12/12/25
#8377669540,2026-09-12 05:38,dc7ecf5f-0952-573d-9eae-96253295d4c5,승리,18/10/16
#8377669540,2026-09-12 05:38,f691451d-87d3-5db5-94cf-22971436cf70,승리,6/14/18
#8377669786,2026-09-12 05:59,7e2bfe82-2409-5da9-968b-246723d3b167,승리,17/16/19
#8377669786,2026-09-12 05:59,dc7ecf5f-0952-573d-9eae-96253295d4c5,패배,1/14/32
#8377669786,2026-09-12 05:59,6a4f5512-0b22-5bd1-ae85-8d8c07d751ab,패배,9/13/28
#8377669786,2026-09-12 05:59,d18ec7c7-d61a-58b8-98d9-ee36e9b5ce58,패배,10/11/31
#8377669786,2026-09-12 05:59,c0a4bb50-24f8-5d32-b20b-3e2a730399e7,패배,9/8/29
#8377669786,2026-09-12 05:59,f691451d-87d3-5db5-94cf-22971436cf70,패배,28/11/16
#8377669786,2026-09-12 05:59,1d7539b5-5566-57d4-b9cd-5158923a589d,승리,3/7/44
#8377669786,2026-09-12 05:59,fa6d5ea3-c57a-500a-9f4d-c2c1e9265684,승리,22/11/22
#8377669786,2026-09-12 05:59,a7fe1bb4-32ca-51b2-9048-183e2cb1cce7,승리,6/9/31
#8377669786,2026-09-12 05:59,9698fdaf-6098-5b6c-80f4-e1b06071009c,승리,9/14/23
#8377686062,2026-09-12 06:19,7e2bfe82-2409-5da9-968b-246723d3b167,승리,23/13/25
#8377686062,2026-09-12 06:19,6a4f5512-0b22-5bd1-ae85-8d8c07d751ab,패배,7/12/24
#8377686062,2026-09-12 06:19,d18ec7c7-d61a-58b8-98d9-ee36e9b5ce58,패배,19/16/17
#8377686062,2026-09-12 06:19,c0a4bb50-24f8-5d32-b20b-3e2a730399e7,패배,1/13/33
#8377686062,2026-09-12 06:19,f691451d-87d3-5db5-94cf-22971436cf70,패배,22/14/18
#8377686062,2026-09-12 06:19,dc7ecf5f-0952-573d-9eae-96253295d4c5,패배,5/14/27
#8377686062,2026-09-12 06:19,1d7539b5-5566-57d4-b9cd-5158923a589d,승리,12/11/29
#8377686062,2026-09-12 06:19,a7fe1bb4-32ca-51b2-9048-183e2cb1cce7,승리,13/10/28
#8377686062,2026-09-12 06:19,9698fdaf-6098-5b6c-80f4-e1b06071009c,승리,5/7/52
#8377686062,2026-09-12 06:19,fa6d5ea3-c57a-500a-9f4d-c2c1e9265684,승리,16/14/23
#8379207270,2026-09-13 04:43,79079bf7-8099-53bc-93f8-ea308ffd9170,승리,15/10/20
#8379207270,2026-09-13 04:43,15e34f7e-6eb9-5638-b11d-47284ddad510,승리,5/7/23
#8379207270,2026-09-13 04:43,cac75d28-bc8f-535a-9cba-80d88502dbd1,승리,1/5/39
#8379207270,2026-09-13 04:43,dd48b93f-132a-56f2-aa29-95bddefc4a53,승리,2/10/27
#8379207270,2026-09-13 04:43,fc0f19c9-c655-5915-ad47-0ef0d2bff998,승리,21/7/11
#8379207270,2026-09-13 04:43,ce01c0d8-8ebf-57c1-b433-88aa89739103,패배,2/9/28
#8379207270,2026-09-13 04:43,d18ec7c7-d61a-58b8-98d9-ee36e9b5ce58,패배,17/8/9
#8379207270,2026-09-13 04:43,6e7fb432-787b-5c46-96ef-660a6ea09754,패배,5/11/15
#8379207270,2026-09-13 04:43,454320a7-8c33-58cc-a8ce-300dd2f3c4b9,패배,11/7/18
#8379207270,2026-09-13 04:43,6a4f5512-0b22-5bd1-ae85-8d8c07d751ab,패배,2/9/27
#8379211476,2026-09-13 05:01,ce01c0d8-8ebf-57c1-b433-88aa89739103,패배,13/9/29
#8379211476,2026-09-13 05:01,454320a7-8c33-58cc-a8ce-300dd2f3c4b9,패배,8/13/32
#8379211476,2026-09-13 05:01,6a4f5512-0b22-5bd1-ae85-8d8c07d751ab,패배,28/14/26
#8379211476,2026-09-13 05:01,6e7fb432-787b-5c46-96ef-660a6ea09754,패배,4/15/38
#8379211476,2026-09-13 05:01,d18ec7c7-d61a-58b8-98d9-ee36e9b5ce58,패배,16/15/38
#8379211476,2026-09-13 05:01,15e34f7e-6eb9-5638-b11d-47284ddad510,승리,12/15/28
#8379211476,2026-09-13 05:01,cac75d28-bc8f-535a-9cba-80d88502dbd1,승리,21/13/22
#8379211476,2026-09-13 05:01,fc0f19c9-c655-5915-ad47-0ef0d2bff998,승리,22/11/20
#8379211476,2026-09-13 05:01,79079bf7-8099-53bc-93f8-ea308ffd9170,승리,7/15/32
#8379211476,2026-09-13 05:01,dd48b93f-132a-56f2-aa29-95bddefc4a53,승리,4/15/36
#8379222222,2026-09-13 05:23,ce01c0d8-8ebf-57c1-b433-88aa89739103,패배,7/11/12
#8379222222,2026-09-13 05:23,454320a7-8c33-58cc-a8ce-300dd2f3c4b9,패배,6/13/18
#8379222222,2026-09-13 05:23,6a4f5512-0b22-5bd1-ae85-8d8c07d751ab,패배,10/18/18
#8379222222,2026-09-13 05:23,d18ec7c7-d61a-58b8-98d9-ee36e9b5ce58,패배,3/9/23
#8379222222,2026-09-13 05:23,6e7fb432-787b-5c46-96ef-660a6ea09754,패배,14/13/10
#8379222222,2026-09-13 05:23,15e34f7e-6eb9-5638-b11d-47284ddad510,승리,5/8/41
#8379222222,2026-09-13 05:23,cac75d28-bc8f-535a-9cba-80d88502dbd1,승리,12/4/31
#8379222222,2026-09-13 05:23,fc0f19c9-c655-5915-ad47-0ef0d2bff998,승리,21/7/27
#8379222222,2026-09-13 05:23,dd48b93f-132a-56f2-aa29-95bddefc4a53,승리,4/13/31
#8379222222,2026-09-13 05:23,79079bf7-8099-53bc-93f8-ea308ffd9170,승리,22/8/32
#8380521861,2026-09-14 00:14,26583f10-50a4-5f03-b49b-8c3d8acfac5d,승리,12/10/34
#8380521861,2026-09-14 00:14,454320a7-8c33-58cc-a8ce-300dd2f3c4b9,패배,18/16/16
#8380521861,2026-09-14 00:14,9cf20ad8-ea37-5c6b-a6f7-3b5d69dce526,패배,9/16/28
#8380521861,2026-09-14 00:14,1a69a4f5-32c7-57f9-be56-fb56bf263513,패배,12/10/24
#8380521861,2026-09-14 00:14,dd48b93f-132a-56f2-aa29-95bddefc4a53,패배,3/11/41
#8380521861,2026-09-14 00:14,fd30acf7-dfb6-55e3-8ee1-8463244a92d5,패배,14/18/24
#8380521861,2026-09-14 00:14,cac75d28-bc8f-535a-9cba-80d88502dbd1,승리,25/9/21
#8380521861,2026-09-14 00:14,fa6d5ea3-c57a-500a-9f4d-c2c1e9265684,승리,13/8/43
#8380521861,2026-09-14 00:14,7e2bfe82-2409-5da9-968b-246723d3b167,승리,13/14/31
#8380521861,2026-09-14 00:14,1d7539b5-5566-57d4-b9cd-5158923a589d,승리,8/16/40
#8380547949,2026-09-14 00:35,26583f10-50a4-5f03-b49b-8c3d8acfac5d,패배,10/7/29
#8380547949,2026-09-14 00:35,cac75d28-bc8f-535a-9cba-80d88502dbd1,패배,9/6/26
#8380547949,2026-09-14 00:35,1d7539b5-5566-57d4-b9cd-5158923a589d,패배,15/10/19
#8380547949,2026-09-14 00:35,7e2bfe82-2409-5da9-968b-246723d3b167,패배,9/11/28
#8380547949,2026-09-14 00:35,fa6d5ea3-c57a-500a-9f4d-c2c1e9265684,패배,6/11/23
#8380547949,2026-09-14 00:35,9cf20ad8-ea37-5c6b-a6f7-3b5d69dce526,승리,9/15/19
#8380547949,2026-09-14 00:35,dd48b93f-132a-56f2-aa29-95bddefc4a53,승리,2/7/39
#8380547949,2026-09-14 00:35,454320a7-8c33-58cc-a8ce-300dd2f3c4b9,승리,12/11/16
#8380547949,2026-09-14 00:35,fd30acf7-dfb6-55e3-8ee1-8463244a92d5,승리,5/6/27
#8380547949,2026-09-14 00:35,1a69a4f5-32c7-57f9-be56-fb56bf263513,승리,17/10/19
#8380582365,2026-09-14 00:54,26583f10-50a4-5f03-b49b-8c3d8acfac5d,승리,6/13/36
#8380582365,2026-09-14 00:54,cac75d28-bc8f-535a-9cba-80d88502dbd1,승리,7/11/39
#8380582365,2026-09-14 00:54,1d7539b5-5566-57d4-b9cd-5158923a589d,승리,9/11/34
#8380582365,2026-09-14 00:54,7e2bfe82-2409-5da9-968b-246723d3b167,승리,26/12/17
#8380582365,2026-09-14 00:54,fa6d5ea3-c57a-500a-9f4d-c2c1e9265684,승리,8/15/31
#8380582365,2026-09-14 00:54,dd48b93f-132a-56f2-aa29-95bddefc4a53,패배,3/6/48
#8380582365,2026-09-14 00:54,454320a7-8c33-58cc-a8ce-300dd2f3c4b9,패배,15/11/22
#8380582365,2026-09-14 00:54,fd30acf7-dfb6-55e3-8ee1-8463244a92d5,패배,23/14/26
#8380582365,2026-09-14 00:54,1a69a4f5-32c7-57f9-be56-fb56bf263513,패배,14/10/34
#8380582365,2026-09-14 00:54,9cf20ad8-ea37-5c6b-a6f7-3b5d69dce526,패배,7/15/35
#8380609364,2026-09-14 01:22,7e2bfe82-2409-5da9-968b-246723d3b167,패배,22/14/34
#8380609364,2026-09-14 01:22,1d7539b5-5566-57d4-b9cd-5158923a589d,패배,10/12/32
#8380609364,2026-09-14 01:22,26583f10-50a4-5f03-b49b-8c3d8acfac5d,패배,13/12/27
#8380609364,2026-09-14 01:22,d18ec7c7-d61a-58b8-98d9-ee36e9b5ce58,패배,15/18/21
#8380609364,2026-09-14 01:22,dd48b93f-132a-56f2-aa29-95bddefc4a53,패배,1/14/51
#8380609364,2026-09-14 01:22,454320a7-8c33-58cc-a8ce-300dd2f3c4b9,승리,16/15/20
#8380609364,2026-09-14 01:22,fd30acf7-dfb6-55e3-8ee1-8463244a92d5,승리,15/13/29
#8380609364,2026-09-14 01:22,1a69a4f5-32c7-57f9-be56-fb56bf263513,승리,18/13/23
#8380609364,2026-09-14 01:22,fa6d5ea3-c57a-500a-9f4d-c2c1e9265684,승리,14/13/33
#8380609364,2026-09-14 01:22,cac75d28-bc8f-535a-9cba-80d88502dbd1,승리,7/7/27
#8380633046,2026-09-14 01:43,cac75d28-bc8f-535a-9cba-80d88502dbd1,승리,15/6/15
#8380633046,2026-09-14 01:43,fa6d5ea3-c57a-500a-9f4d-c2c1e9265684,승리,5/12/15
#8380633046,2026-09-14 01:43,1a69a4f5-32c7-57f9-be56-fb56bf263513,승리,16/6/17
#8380633046,2026-09-14 01:43,454320a7-8c33-58cc-a8ce-300dd2f3c4b9,승리,5/7/30
#8380633046,2026-09-14 01:43,fd30acf7-dfb6-55e3-8ee1-8463244a92d5,승리,7/9/14
#8380633046,2026-09-14 01:43,7e2bfe82-2409-5da9-968b-246723d3b167,패배,5/10/17
#8380633046,2026-09-14 01:43,d18ec7c7-d61a-58b8-98d9-ee36e9b5ce58,패배,2/9/29
#8380633046,2026-09-14 01:43,dd48b93f-132a-56f2-aa29-95bddefc4a53,패배,5/8/20
#8380633046,2026-09-14 01:43,26583f10-50a4-5f03-b49b-8c3d8acfac5d,패배,7/7/23
#8380633046,2026-09-14 01:43,1d7539b5-5566-57d4-b9cd-5158923a589d,패배,20/14/15
#8380635667,2026-09-14 02:00,fa6d5ea3-c57a-500a-9f4d-c2c1e9265684,승리,19/15/9
#8380635667,2026-09-14 02:00,1a69a4f5-32c7-57f9-be56-fb56bf263513,승리,12/9/30
#8380635667,2026-09-14 02:00,454320a7-8c33-58cc-a8ce-300dd2f3c4b9,승리,10/12/20
#8380635667,2026-09-14 02:00,cac75d28-bc8f-535a-9cba-80d88502dbd1,승리,8/7/23
#8380635667,2026-09-14 02:00,fd30acf7-dfb6-55e3-8ee1-8463244a92d5,승리,3/3/44
#8380635667,2026-09-14 02:00,7e2bfe82-2409-5da9-968b-246723d3b167,패배,14/14/10
#8380635667,2026-09-14 02:00,d18ec7c7-d61a-58b8-98d9-ee36e9b5ce58,패배,17/10/11
#8380635667,2026-09-14 02:00,dd48b93f-132a-56f2-aa29-95bddefc4a53,패배,6/10/24
#8380635667,2026-09-14 02:00,26583f10-50a4-5f03-b49b-8c3d8acfac5d,패배,4/6/30
#8380635667,2026-09-14 02:00,1d7539b5-5566-57d4-b9cd-5158923a589d,패배,5/12/24
#8380662048,2026-09-14 02:26,7e2bfe82-2409-5da9-968b-246723d3b167,승리,15/7/14
#8380662048,2026-09-14 02:26,cac75d28-bc8f-535a-9cba-80d88502dbd1,승리,2/3/22
#8380662048,2026-09-14 02:26,79079bf7-8099-53bc-93f8-ea308ffd9170,승리,2/3/19
#8380662048,2026-09-14 02:26,1a69a4f5-32c7-57f9-be56-fb56bf263513,승리,12/6/14
#8380662048,2026-09-14 02:26,6a4f5512-0b22-5bd1-ae85-8d8c07d751ab,승리,6/6/22
#8380662048,2026-09-14 02:26,d18ec7c7-d61a-58b8-98d9-ee36e9b5ce58,패배,3/6/17
#8380662048,2026-09-14 02:26,1d7539b5-5566-57d4-b9cd-5158923a589d,패배,3/6/15
#8380662048,2026-09-14 02:26,454320a7-8c33-58cc-a8ce-300dd2f3c4b9,패배,6/8/12
#8380662048,2026-09-14 02:26,fa6d5ea3-c57a-500a-9f4d-c2c1e9265684,패배,4/8/9
#8380662048,2026-09-14 02:26,138ebad9-b82c-5d3f-9d20-38bae6126333,패배,9/9/4
#8380670091,2026-09-14 02:43,7e2bfe82-2409-5da9-968b-246723d3b167,패배,6/15/15
#8380670091,2026-09-14 02:43,1d7539b5-5566-57d4-b9cd-5158923a589d,승리,16/8/27
#8380670091,2026-09-14 02:43,454320a7-8c33-58cc-a8ce-300dd2f3c4b9,승리,4/8/44
#8380670091,2026-09-14 02:43,fa6d5ea3-c57a-500a-9f4d-c2c1e9265684,승리,16/5/29
#8380670091,2026-09-14 02:43,d18ec7c7-d61a-58b8-98d9-ee36e9b5ce58,승리,19/12/25
#8380670091,2026-09-14 02:43,138ebad9-b82c-5d3f-9d20-38bae6126333,승리,6/8/43
#8380670091,2026-09-14 02:43,cac75d28-bc8f-535a-9cba-80d88502dbd1,패배,13/13/23
#8380670091,2026-09-14 02:43,79079bf7-8099-53bc-93f8-ea308ffd9170,패배,9/11/19
#8380670091,2026-09-14 02:43,1a69a4f5-32c7-57f9-be56-fb56bf263513,패배,4/10/21
#8380670091,2026-09-14 02:43,6a4f5512-0b22-5bd1-ae85-8d8c07d751ab,패배,9/12/15
#8380672535,2026-09-14 03:00,7e2bfe82-2409-5da9-968b-246723d3b167,승리,25/10/32
#8380672535,2026-09-14 03:00,1d7539b5-5566-57d4-b9cd-5158923a589d,패배,12/15/37
#8380672535,2026-09-14 03:00,454320a7-8c33-58cc-a8ce-300dd2f3c4b9,패배,11/16/25
#8380672535,2026-09-14 03:00,fa6d5ea3-c57a-500a-9f4d-c2c1e9265684,패배,15/15/20
#8380672535,2026-09-14 03:00,d18ec7c7-d61a-58b8-98d9-ee36e9b5ce58,패배,9/12/33
#8380672535,2026-09-14 03:00,138ebad9-b82c-5d3f-9d20-38bae6126333,패배,16/16/20
#8380672535,2026-09-14 03:00,6a4f5512-0b22-5bd1-ae85-8d8c07d751ab,승리,10/18/39
#8380672535,2026-09-14 03:00,79079bf7-8099-53bc-93f8-ea308ffd9170,승리,7/15/32
#8380672535,2026-09-14 03:00,1a69a4f5-32c7-57f9-be56-fb56bf263513,승리,28/10/26
#8380672535,2026-09-14 03:00,cac75d28-bc8f-535a-9cba-80d88502dbd1,승리,4/10/51
#8383761874,2026-09-17 01:14,3ecbcaa4-8cf5-5e3f-94c0-89d8af23ee8b,패배,19/18/24
#8383761874,2026-09-17 01:14,9cf20ad8-ea37-5c6b-a6f7-3b5d69dce526,승리,27/19/24
#8383761874,2026-09-17 01:14,15e34f7e-6eb9-5638-b11d-47284ddad510,승리,8/8/56
#8383761874,2026-09-17 01:14,cac75d28-bc8f-535a-9cba-80d88502dbd1,승리,8/10/34
#8383761874,2026-09-17 01:14,41e09551-926a-5c0d-a51d-22e93e95d748,승리,16/11/31
#8383761874,2026-09-17 01:14,5e13fc05-ff0c-5435-80dd-63bbd252f467,승리,21/14/27
#8383761874,2026-09-17 01:14,108ad62e-8642-5e2e-88b4-f0cc8b19efa4,패배,7/15/23
#8383761874,2026-09-17 01:14,c0f6a404-6917-50b6-9289-79e4fb83e77e,패배,19/16/25
#8383761874,2026-09-17 01:14,48a9676c-6f4a-5dfb-9a36-fca24b95153a,패배,8/14/29
#8383761874,2026-09-17 01:14,fd30acf7-dfb6-55e3-8ee1-8463244a92d5,패배,9/17/22
#8383790571,2026-09-17 01:37,3ecbcaa4-8cf5-5e3f-94c0-89d8af23ee8b,패배,6/10/18
#8383790571,2026-09-17 01:37,48a9676c-6f4a-5dfb-9a36-fca24b95153a,패배,0/6/38
#8383790571,2026-09-17 01:37,fd30acf7-dfb6-55e3-8ee1-8463244a92d5,패배,6/6/18
#8383790571,2026-09-17 01:37,c0f6a404-6917-50b6-9289-79e4fb83e77e,패배,29/7/14
#8383790571,2026-09-17 01:37,108ad62e-8642-5e2e-88b4-f0cc8b19efa4,패배,5/11/27
#8383790571,2026-09-17 01:37,9cf20ad8-ea37-5c6b-a6f7-3b5d69dce526,승리,6/7/28
#8383790571,2026-09-17 01:37,cac75d28-bc8f-535a-9cba-80d88502dbd1,승리,9/9/19
#8383790571,2026-09-17 01:37,5e13fc05-ff0c-5435-80dd-63bbd252f467,승리,5/8/24
#8383790571,2026-09-17 01:37,41e09551-926a-5c0d-a51d-22e93e95d748,승리,10/12/18
#8383790571,2026-09-17 01:37,15e34f7e-6eb9-5638-b11d-47284ddad510,승리,10/10/24
#8383813142,2026-09-17 01:56,3ecbcaa4-8cf5-5e3f-94c0-89d8af23ee8b,승리,0/7/56
#8383813142,2026-09-17 01:56,48a9676c-6f4a-5dfb-9a36-fca24b95153a,승리,5/9/46
#8383813142,2026-09-17 01:56,fd30acf7-dfb6-55e3-8ee1-8463244a92d5,승리,35/12/14
#8383813142,2026-09-17 01:56,c0f6a404-6917-50b6-9289-79e4fb83e77e,승리,7/12/32
#8383813142,2026-09-17 01:56,108ad62e-8642-5e2e-88b4-f0cc8b19efa4,승리,14/11/25
#8383813142,2026-09-17 01:56,9cf20ad8-ea37-5c6b-a6f7-3b5d69dce526,패배,17/17/24
#8383813142,2026-09-17 01:56,cac75d28-bc8f-535a-9cba-80d88502dbd1,패배,9/11/16
#8383813142,2026-09-17 01:56,5e13fc05-ff0c-5435-80dd-63bbd252f467,패배,5/9/28
#8383813142,2026-09-17 01:56,41e09551-926a-5c0d-a51d-22e93e95d748,패배,12/12/15
#8383813142,2026-09-17 01:56,15e34f7e-6eb9-5638-b11d-47284ddad510,패배,8/12/13
#8383818329,2026-09-17 02:23,3ecbcaa4-8cf5-5e3f-94c0-89d8af23ee8b,승리,16/9/14
#8383818329,2026-09-17 02:23,9045a0a5-c836-5c5e-baeb-a879ec639cf4,패배,3/10/21
#8383818329,2026-09-17 02:23,77bb09d0-2c95-596d-885a-3be23112cc76,패배,6/9/15
#8383818329,2026-09-17 02:23,6a4f5512-0b22-5bd1-ae85-8d8c07d751ab,패배,15/8/9
#8383818329,2026-09-17 02:23,d18ec7c7-d61a-58b8-98d9-ee36e9b5ce58,패배,4/12/16
#8383818329,2026-09-17 02:23,9cf20ad8-ea37-5c6b-a6f7-3b5d69dce526,패배,3/12/16
#8383818329,2026-09-17 02:23,cac75d28-bc8f-535a-9cba-80d88502dbd1,승리,6/5/25
#8383818329,2026-09-17 02:23,5e13fc05-ff0c-5435-80dd-63bbd252f467,승리,8/5/32
#8383818329,2026-09-17 02:23,15e34f7e-6eb9-5638-b11d-47284ddad510,승리,6/5/26
#8383818329,2026-09-17 02:23,fd30acf7-dfb6-55e3-8ee1-8463244a92d5,승리,14/8/20
#8383826555,2026-09-17 02:37,3ecbcaa4-8cf5-5e3f-94c0-89d8af23ee8b,패배,1/8/43
#8383826555,2026-09-17 02:37,cac75d28-bc8f-535a-9cba-80d88502dbd1,패배,11/12/22
#8383826555,2026-09-17 02:37,5e13fc05-ff0c-5435-80dd-63bbd252f467,패배,12/10/24
#8383826555,2026-09-17 02:37,15e34f7e-6eb9-5638-b11d-47284ddad510,패배,4/14/24
#8383826555,2026-09-17 02:37,fd30acf7-dfb6-55e3-8ee1-8463244a92d5,패배,24/13/16
#8383826555,2026-09-17 02:37,9cf20ad8-ea37-5c6b-a6f7-3b5d69dce526,승리,13/14/30
#8383826555,2026-09-17 02:37,d18ec7c7-d61a-58b8-98d9-ee36e9b5ce58,승리,12/12/21
#8383826555,2026-09-17 02:37,9045a0a5-c836-5c5e-baeb-a879ec639cf4,승리,3/9/46
#8383826555,2026-09-17 02:37,77bb09d0-2c95-596d-885a-3be23112cc76,승리,14/10/27
#8383826555,2026-09-17 02:37,6a4f5512-0b22-5bd1-ae85-8d8c07d751ab,승리,15/7/28
#8383836188,2026-09-17 02:56,3ecbcaa4-8cf5-5e3f-94c0-89d8af23ee8b,승리,13/9/17
#8383836188,2026-09-17 02:56,cac75d28-bc8f-535a-9cba-80d88502dbd1,승리,15/7/12
#8383836188,2026-09-17 02:56,5e13fc05-ff0c-5435-80dd-63bbd252f467,승리,1/5/39
#8383836188,2026-09-17 02:56,15e34f7e-6eb9-5638-b11d-47284ddad510,승리,5/9/17
#8383836188,2026-09-17 02:56,fd30acf7-dfb6-55e3-8ee1-8463244a92d5,승리,16/8/22
#8383836188,2026-09-17 02:56,9cf20ad8-ea37-5c6b-a6f7-3b5d69dce526,패배,3/13/13
#8383836188,2026-09-17 02:56,d18ec7c7-d61a-58b8-98d9-ee36e9b5ce58,패배,15/12/12
#8383836188,2026-09-17 02:56,9045a0a5-c836-5c5e-baeb-a879ec639cf4,패배,10/8/13
#8383836188,2026-09-17 02:56,77bb09d0-2c95-596d-885a-3be23112cc76,패배,8/8/17
#8383836188,2026-09-17 02:56,6a4f5512-0b22-5bd1-ae85-8d8c07d751ab,패배,2/9/23
#8385998708,2026-09-19 01:10,7e2bfe82-2409-5da9-968b-246723d3b167,패배,24/14/17
#8385998708,2026-09-19 01:10,aeae46fe-2d38-56d8-ac4a-fcb48eb4a13a,승리,2/10/47
#8385998708,2026-09-19 01:10,fc0f19c9-c655-5915-ad47-0ef0d2bff998,승리,12/11/38
#8385998708,2026-09-19 01:10,5e13fc05-ff0c-5435-80dd-63bbd252f467,승리,15/9/34
#8385998708,2026-09-19 01:10,d4ed9d18-939c-549c-92bc-c2accb63a5f0,승리,4/12/36
#8385998708,2026-09-19 01:10,1a69a4f5-32c7-57f9-be56-fb56bf263513,승리,25/7/26
#8385998708,2026-09-19 01:10,bf515608-1608-5c9f-91bb-25b56f3b1050,패배,4/10/33
#8385998708,2026-09-19 01:10,1d7539b5-5566-57d4-b9cd-5158923a589d,패배,3/8/41
#8385998708,2026-09-19 01:10,f691451d-87d3-5db5-94cf-22971436cf70,패배,9/13/23
#8385998708,2026-09-19 01:10,26583f10-50a4-5f03-b49b-8c3d8acfac5d,패배,9/15/22
#8386033535,2026-09-19 01:31,7e2bfe82-2409-5da9-968b-246723d3b167,패배,11/11/23
#8386033535,2026-09-19 01:31,1d7539b5-5566-57d4-b9cd-5158923a589d,패배,13/12/19
#8386033535,2026-09-19 01:31,bf515608-1608-5c9f-91bb-25b56f3b1050,패배,3/12/24
#8386033535,2026-09-19 01:31,26583f10-50a4-5f03-b49b-8c3d8acfac5d,패배,9/6/33
#8386033535,2026-09-19 01:31,f691451d-87d3-5db5-94cf-22971436cf70,패배,15/7/26
#8386033535,2026-09-19 01:31,5e13fc05-ff0c-5435-80dd-63bbd252f467,승리,6/11/26
#8386033535,2026-09-19 01:31,fc0f19c9-c655-5915-ad47-0ef0d2bff998,승리,6/10/17
#8386033535,2026-09-19 01:31,aeae46fe-2d38-56d8-ac4a-fcb48eb4a13a,승리,5/9/38
#8386033535,2026-09-19 01:31,1a69a4f5-32c7-57f9-be56-fb56bf263513,승리,11/9/21
#8386033535,2026-09-19 01:31,d4ed9d18-939c-549c-92bc-c2accb63a5f0,승리,20/12/20
#8386064260,2026-09-19 01:50,7e2bfe82-2409-5da9-968b-246723d3b167,승리,18/12/17
#8386064260,2026-09-19 01:50,1d7539b5-5566-57d4-b9cd-5158923a589d,승리,2/7/49
#8386064260,2026-09-19 01:50,bf515608-1608-5c9f-91bb-25b56f3b1050,승리,8/9/25
#8386064260,2026-09-19 01:50,26583f10-50a4-5f03-b49b-8c3d8acfac5d,승리,9/9/26
#8386064260,2026-09-19 01:50,f691451d-87d3-5db5-94cf-22971436cf70,승리,24/12/19
#8386064260,2026-09-19 01:50,5e13fc05-ff0c-5435-80dd-63bbd252f467,패배,11/12/27
#8386064260,2026-09-19 01:50,fc0f19c9-c655-5915-ad47-0ef0d2bff998,패배,12/14/22
#8386064260,2026-09-19 01:50,aeae46fe-2d38-56d8-ac4a-fcb48eb4a13a,패배,13/11/23
#8386064260,2026-09-19 01:50,1a69a4f5-32c7-57f9-be56-fb56bf263513,패배,10/13/24
#8386064260,2026-09-19 01:50,d4ed9d18-939c-549c-92bc-c2accb63a5f0,패배,3/11/21
#8386082641,2026-09-19 02:16,7e2bfe82-2409-5da9-968b-246723d3b167,승리,8/12/38
#8386082641,2026-09-19 02:16,bf515608-1608-5c9f-91bb-25b56f3b1050,승리,4/8/48
#8386082641,2026-09-19 02:16,f691451d-87d3-5db5-94cf-22971436cf70,승리,23/12/16
#8386082641,2026-09-19 02:16,5e13fc05-ff0c-5435-80dd-63bbd252f467,승리,11/6/36
#8386082641,2026-09-19 02:16,fc0f19c9-c655-5915-ad47-0ef0d2bff998,승리,22/9/34
#8386082641,2026-09-19 02:16,aeae46fe-2d38-56d8-ac4a-fcb48eb4a13a,패배,0/16/31
#8386082641,2026-09-19 02:16,1a69a4f5-32c7-57f9-be56-fb56bf263513,패배,19/12/16
#8386082641,2026-09-19 02:16,d4ed9d18-939c-549c-92bc-c2accb63a5f0,패배,16/10/24
#8386082641,2026-09-19 02:16,26583f10-50a4-5f03-b49b-8c3d8acfac5d,패배,6/14/22
#8386082641,2026-09-19 02:16,1d7539b5-5566-57d4-b9cd-5158923a589d,패배,6/16/35
#8386118060,2026-09-19 02:42,7e2bfe82-2409-5da9-968b-246723d3b167,패배,17/14/8
#8386118060,2026-09-19 02:42,1d7539b5-5566-57d4-b9cd-5158923a589d,승리,11/9/46
#8386118060,2026-09-19 02:42,26583f10-50a4-5f03-b49b-8c3d8acfac5d,승리,14/10/28
#8386118060,2026-09-19 02:42,aeae46fe-2d38-56d8-ac4a-fcb48eb4a13a,승리,9/7/49
#8386118060,2026-09-19 02:42,d4ed9d18-939c-549c-92bc-c2accb63a5f0,승리,16/14/21
#8386118060,2026-09-19 02:42,1a69a4f5-32c7-57f9-be56-fb56bf263513,승리,14/11/29
#8386118060,2026-09-19 02:42,5e13fc05-ff0c-5435-80dd-63bbd252f467,패배,6/11/19
#8386118060,2026-09-19 02:42,bf515608-1608-5c9f-91bb-25b56f3b1050,패배,4/11/19
#8386118060,2026-09-19 02:42,fc0f19c9-c655-5915-ad47-0ef0d2bff998,패배,7/13/23
#8386118060,2026-09-19 02:42,f691451d-87d3-5db5-94cf-22971436cf70,패배,17/15/18
#8386136220,2026-09-19 03:07,7e2bfe82-2409-5da9-968b-246723d3b167,패배,15/11/19
#8386136220,2026-09-19 03:07,1d7539b5-5566-57d4-b9cd-5158923a589d,승리,18/12/22
#8386136220,2026-09-19 03:07,26583f10-50a4-5f03-b49b-8c3d8acfac5d,승리,10/9/29
#8386136220,2026-09-19 03:07,aeae46fe-2d38-56d8-ac4a-fcb48eb4a13a,승리,3/6/53
#8386136220,2026-09-19 03:07,d4ed9d18-939c-549c-92bc-c2accb63a5f0,승리,20/9/26
#8386136220,2026-09-19 03:07,1a69a4f5-32c7-57f9-be56-fb56bf263513,승리,13/12/25
#8386136220,2026-09-19 03:07,5e13fc05-ff0c-5435-80dd-63bbd252f467,패배,16/16/15
#8386136220,2026-09-19 03:07,bf515608-1608-5c9f-91bb-25b56f3b1050,패배,4/13/25
#8386136220,2026-09-19 03:07,fc0f19c9-c655-5915-ad47-0ef0d2bff998,패배,6/13/20
#8386136220,2026-09-19 03:07,f691451d-87d3-5db5-94cf-22971436cf70,패배,7/11/20
#8386149617,2026-09-19 03:39,7e2bfe82-2409-5da9-968b-246723d3b167,승리,29/7/27
#8386149617,2026-09-19 03:39,31e88dc8-bc4a-5b0e-b7f0-9d47bec34024,승리,21/14/16
#8386149617,2026-09-19 03:39,9cf20ad8-ea37-5c6b-a6f7-3b5d69dce526,승리,9/9/46
#8386149617,2026-09-19 03:39,bf515608-1608-5c9f-91bb-25b56f3b1050,승리,9/9/43
#8386149617,2026-09-19 03:39,5e13fc05-ff0c-5435-80dd-63bbd252f467,승리,3/4/58
#8386149617,2026-09-19 03:39,fc0f19c9-c655-5915-ad47-0ef0d2bff998,패배,11/12/15
#8386149617,2026-09-19 03:39,f691451d-87d3-5db5-94cf-22971436cf70,패배,12/15/10
#8386149617,2026-09-19 03:39,1d7539b5-5566-57d4-b9cd-5158923a589d,패배,8/16/15
#8386149617,2026-09-19 03:39,ce01c0d8-8ebf-57c1-b433-88aa89739103,패배,4/12/8
#8386149617,2026-09-19 03:39,fd30acf7-dfb6-55e3-8ee1-8463244a92d5,패배,8/16/21
#8386170089,2026-09-19 04:00,7e2bfe82-2409-5da9-968b-246723d3b167,패배,18/11/19
#8386170089,2026-09-19 04:00,1d7539b5-5566-57d4-b9cd-5158923a589d,승리,1/10/46
#8386170089,2026-09-19 04:00,ce01c0d8-8ebf-57c1-b433-88aa89739103,승리,25/10/15
#8386170089,2026-09-19 04:00,fd30acf7-dfb6-55e3-8ee1-8463244a92d5,승리,10/11/32
#8386170089,2026-09-19 04:00,f691451d-87d3-5db5-94cf-22971436cf70,승리,12/13/23
#8386170089,2026-09-19 04:00,fc0f19c9-c655-5915-ad47-0ef0d2bff998,승리,5/7/37
#8386170089,2026-09-19 04:00,5e13fc05-ff0c-5435-80dd-63bbd252f467,패배,2/8/41
#8386170089,2026-09-19 04:00,9cf20ad8-ea37-5c6b-a6f7-3b5d69dce526,패배,11/11/23
#8386170089,2026-09-19 04:00,bf515608-1608-5c9f-91bb-25b56f3b1050,패배,13/12/21
#8386170089,2026-09-19 04:00,31e88dc8-bc4a-5b0e-b7f0-9d47bec34024,패배,7/11/36
#8386160770,2026-09-19 04:19,7e2bfe82-2409-5da9-968b-246723d3b167,패배,26/13/28
#8386160770,2026-09-19 04:19,1d7539b5-5566-57d4-b9cd-5158923a589d,승리,12/10/30
#8386160770,2026-09-19 04:19,ce01c0d8-8ebf-57c1-b433-88aa89739103,승리,3/10/26
#8386160770,2026-09-19 04:19,fd30acf7-dfb6-55e3-8ee1-8463244a92d5,승리,8/18/20
#8386160770,2026-09-19 04:19,f691451d-87d3-5db5-94cf-22971436cf70,승리,26/16/18
#8386160770,2026-09-19 04:19,fc0f19c9-c655-5915-ad47-0ef0d2bff998,승리,17/15/30
#8386160770,2026-09-19 04:19,5e13fc05-ff0c-5435-80dd-63bbd252f467,패배,8/9/47
#8386160770,2026-09-19 04:19,9cf20ad8-ea37-5c6b-a6f7-3b5d69dce526,패배,9/16/26
#8386160770,2026-09-19 04:19,bf515608-1608-5c9f-91bb-25b56f3b1050,패배,4/14/46
#8386160770,2026-09-19 04:19,31e88dc8-bc4a-5b0e-b7f0-9d47bec34024,패배,22/14/22
#8386179331,2026-09-19 04:49,1d7539b5-5566-57d4-b9cd-5158923a589d,패배,3/7/29
#8386179331,2026-09-19 04:49,fd30acf7-dfb6-55e3-8ee1-8463244a92d5,패배,11/14/21
#8386179331,2026-09-19 04:49,bf515608-1608-5c9f-91bb-25b56f3b1050,패배,9/14/18
#8386179331,2026-09-19 04:49,7e2bfe82-2409-5da9-968b-246723d3b167,패배,16/7/19
#8386179331,2026-09-19 04:49,fc0f19c9-c655-5915-ad47-0ef0d2bff998,패배,7/7/22
#8386179331,2026-09-19 04:49,454320a7-8c33-58cc-a8ce-300dd2f3c4b9,승리,11/11/21
#8386179331,2026-09-19 04:49,3712c3ab-a24a-5bf1-85c1-b92c4d68e907,승리,13/9/19
#8386179331,2026-09-19 04:49,ce01c0d8-8ebf-57c1-b433-88aa89739103,승리,7/5/22
#8386179331,2026-09-19 04:49,31e88dc8-bc4a-5b0e-b7f0-9d47bec34024,승리,14/11/20
#8386179331,2026-09-19 04:49,9cf20ad8-ea37-5c6b-a6f7-3b5d69dce526,승리,4/10/23
#8386182515,2026-09-19 05:08,ce01c0d8-8ebf-57c1-b433-88aa89739103,패배,4/16/19
#8386182515,2026-09-19 05:08,9cf20ad8-ea37-5c6b-a6f7-3b5d69dce526,패배,9/14/26
#8386182515,2026-09-19 05:08,454320a7-8c33-58cc-a8ce-300dd2f3c4b9,패배,13/16/25
#8386182515,2026-09-19 05:08,3712c3ab-a24a-5bf1-85c1-b92c4d68e907,패배,9/16/18
#8386182515,2026-09-19 05:08,31e88dc8-bc4a-5b0e-b7f0-9d47bec34024,패배,21/16/17
#8386182515,2026-09-19 05:08,bf515608-1608-5c9f-91bb-25b56f3b1050,승리,13/12/35
#8386182515,2026-09-19 05:08,1d7539b5-5566-57d4-b9cd-5158923a589d,승리,25/11/35
#8386182515,2026-09-19 05:08,fd30acf7-dfb6-55e3-8ee1-8463244a92d5,승리,13/9/35
#8386182515,2026-09-19 05:08,7e2bfe82-2409-5da9-968b-246723d3b167,승리,21/13/23
#8386182515,2026-09-19 05:08,fc0f19c9-c655-5915-ad47-0ef0d2bff998,승리,6/11/50
#8390057013,2026-09-22 00:33,1d7539b5-5566-57d4-b9cd-5158923a589d,승리,13/8/28
#8390057013,2026-09-22 00:33,7e2bfe82-2409-5da9-968b-246723d3b167,승리,19/13/21
#8390057013,2026-09-22 00:33,88b9f221-d8c1-5594-a2f8-820fe8a4050c,승리,8/9/22
#8390057013,2026-09-22 00:33,5e13fc05-ff0c-5435-80dd-63bbd252f467,승리,6/13/21
#8390057013,2026-09-22 00:33,fa6d5ea3-c57a-500a-9f4d-c2c1e9265684,승리,13/9/28
#8390057013,2026-09-22 00:33,77bb09d0-2c95-596d-885a-3be23112cc76,패배,8/16/20
#8390057013,2026-09-22 00:33,b5380629-d74b-5796-8e72-98a060d864de,패배,17/13/24
#8390057013,2026-09-22 00:33,fd30acf7-dfb6-55e3-8ee1-8463244a92d5,패배,7/10/31
#8390057013,2026-09-22 00:33,cac75d28-bc8f-535a-9cba-80d88502dbd1,패배,13/10/18
#8390057013,2026-09-22 00:33,9045a0a5-c836-5c5e-baeb-a879ec639cf4,패배,7/10/20
#8390072314,2026-09-22 00:52,1d7539b5-5566-57d4-b9cd-5158923a589d,패배,3/7/17
#8390072314,2026-09-22 00:52,b5380629-d74b-5796-8e72-98a060d864de,승리,21/7/10
#8390072314,2026-09-22 00:52,cac75d28-bc8f-535a-9cba-80d88502dbd1,승리,8/4/23
#8390072314,2026-09-22 00:52,fd30acf7-dfb6-55e3-8ee1-8463244a92d5,승리,7/6/18
#8390072314,2026-09-22 00:52,9045a0a5-c836-5c5e-baeb-a879ec639cf4,승리,2/4/35
#8390072314,2026-09-22 00:52,77bb09d0-2c95-596d-885a-3be23112cc76,승리,5/10/21
#8390072314,2026-09-22 00:52,5e13fc05-ff0c-5435-80dd-63bbd252f467,패배,1/4/24
#8390072314,2026-09-22 00:52,7e2bfe82-2409-5da9-968b-246723d3b167,패배,16/13/10
#8390072314,2026-09-22 00:52,fa6d5ea3-c57a-500a-9f4d-c2c1e9265684,패배,5/10/14
#8390072314,2026-09-22 00:52,88b9f221-d8c1-5594-a2f8-820fe8a4050c,패배,6/9/17
#8390080696,2026-09-22 01:09,1d7539b5-5566-57d4-b9cd-5158923a589d,패배,12/22/33
#8390080696,2026-09-22 01:09,b5380629-d74b-5796-8e72-98a060d864de,승리,7/9/48
#8390080696,2026-09-22 01:09,cac75d28-bc8f-535a-9cba-80d88502dbd1,승리,20/19/41
#8390080696,2026-09-22 01:09,fd30acf7-dfb6-55e3-8ee1-8463244a92d5,승리,19/7/49
#8390080696,2026-09-22 01:09,9045a0a5-c836-5c5e-baeb-a879ec639cf4,승리,8/7/56
#8390080696,2026-09-22 01:09,77bb09d0-2c95-596d-885a-3be23112cc76,승리,25/17/32
#8390080696,2026-09-22 01:09,5e13fc05-ff0c-5435-80dd-63bbd252f467,패배,3/8/50
#8390080696,2026-09-22 01:09,7e2bfe82-2409-5da9-968b-246723d3b167,패배,8/16/35
#8390080696,2026-09-22 01:09,fa6d5ea3-c57a-500a-9f4d-c2c1e9265684,패배,23/17/21
#8390080696,2026-09-22 01:09,88b9f221-d8c1-5594-a2f8-820fe8a4050c,패배,13/16/22
#8390109618,2026-09-22 01:40,1d7539b5-5566-57d4-b9cd-5158923a589d,패배,6/10/39
#8390109618,2026-09-22 01:40,fd30acf7-dfb6-55e3-8ee1-8463244a92d5,패배,14/17/23
#8390109618,2026-09-22 01:40,88b9f221-d8c1-5594-a2f8-820fe8a4050c,패배,8/14/32
#8390109618,2026-09-22 01:40,fa6d5ea3-c57a-500a-9f4d-c2c1e9265684,패배,19/14/23
#8390109618,2026-09-22 01:40,5e13fc05-ff0c-5435-80dd-63bbd252f467,패배,10/13/24
#8390109618,2026-09-22 01:40,7e2bfe82-2409-5da9-968b-246723d3b167,승리,19/13/24
#8390109618,2026-09-22 01:40,f691451d-87d3-5db5-94cf-22971436cf70,승리,7/11/38
#8390109618,2026-09-22 01:40,b5380629-d74b-5796-8e72-98a060d864de,승리,12/12/20
#8390109618,2026-09-22 01:40,9045a0a5-c836-5c5e-baeb-a879ec639cf4,승리,15/9/26
#8390109618,2026-09-22 01:40,77bb09d0-2c95-596d-885a-3be23112cc76,승리,15/12/23
#8390133108,2026-09-22 02:01,1d7539b5-5566-57d4-b9cd-5158923a589d,패배,11/23/42
#8390133108,2026-09-22 02:01,7e2bfe82-2409-5da9-968b-246723d3b167,승리,14/19/37
#8390133108,2026-09-22 02:01,77bb09d0-2c95-596d-885a-3be23112cc76,승리,17/16/25
#8390133108,2026-09-22 02:01,f691451d-87d3-5db5-94cf-22971436cf70,승리,9/19/29
#8390133108,2026-09-22 02:01,b5380629-d74b-5796-8e72-98a060d864de,승리,40/13/30
#8390133108,2026-09-22 02:01,9045a0a5-c836-5c5e-baeb-a879ec639cf4,승리,9/11/35
#8390133108,2026-09-22 02:01,5e13fc05-ff0c-5435-80dd-63bbd252f467,패배,30/16/16
#8390133108,2026-09-22 02:01,fa6d5ea3-c57a-500a-9f4d-c2c1e9265684,패배,10/12/35
#8390133108,2026-09-22 02:01,fd30acf7-dfb6-55e3-8ee1-8463244a92d5,패배,13/19/15
#8390133108,2026-09-22 02:01,88b9f221-d8c1-5594-a2f8-820fe8a4050c,패배,14/19/34
#8390140457,2026-09-22 02:29,1d7539b5-5566-57d4-b9cd-5158923a589d,승리,5/6/71
#8390140457,2026-09-22 02:29,7e2bfe82-2409-5da9-968b-246723d3b167,패배,12/18/21
#8390140457,2026-09-22 02:29,77bb09d0-2c95-596d-885a-3be23112cc76,패배,8/19/22
#8390140457,2026-09-22 02:29,b5380629-d74b-5796-8e72-98a060d864de,패배,10/18/29
#8390140457,2026-09-22 02:29,9045a0a5-c836-5c5e-baeb-a879ec639cf4,패배,6/11/28
#8390140457,2026-09-22 02:29,f691451d-87d3-5db5-94cf-22971436cf70,패배,11/17/15
#8390140457,2026-09-22 02:29,5e13fc05-ff0c-5435-80dd-63bbd252f467,승리,17/10/43
#8390140457,2026-09-22 02:29,fa6d5ea3-c57a-500a-9f4d-c2c1e9265684,승리,14/11/40
#8390140457,2026-09-22 02:29,fd30acf7-dfb6-55e3-8ee1-8463244a92d5,승리,42/6/25
#8390140457,2026-09-22 02:29,88b9f221-d8c1-5594-a2f8-820fe8a4050c,승리,5/14/44
#8390149880,2026-09-22 03:00,7e2bfe82-2409-5da9-968b-246723d3b167,패배,19/13/13
#8390149880,2026-09-22 03:00,31e88dc8-bc4a-5b0e-b7f0-9d47bec34024,패배,3/13/23
#8390149880,2026-09-22 03:00,9cf20ad8-ea37-5c6b-a6f7-3b5d69dce526,패배,12/14/15
#8390149880,2026-09-22 03:00,77bb09d0-2c95-596d-885a-3be23112cc76,패배,5/14/12
#8390149880,2026-09-22 03:00,88b9f221-d8c1-5594-a2f8-820fe8a4050c,패배,3/12/19
#8390149880,2026-09-22 03:00,5e13fc05-ff0c-5435-80dd-63bbd252f467,승리,22/9/26
#8390149880,2026-09-22 03:00,d18ec7c7-d61a-58b8-98d9-ee36e9b5ce58,승리,7/8/46
#8390149880,2026-09-22 03:00,b5380629-d74b-5796-8e72-98a060d864de,승리,15/9/26
#8390149880,2026-09-22 03:00,6e7fb432-787b-5c46-96ef-660a6ea09754,승리,11/10/31
#8390149880,2026-09-22 03:00,f691451d-87d3-5db5-94cf-22971436cf70,승리,11/7/38
#8390158752,2026-09-22 03:17,6e7fb432-787b-5c46-96ef-660a6ea09754,패배,19/15/29
#8390158752,2026-09-22 03:17,5e13fc05-ff0c-5435-80dd-63bbd252f467,패배,20/15/29
#8390158752,2026-09-22 03:17,f691451d-87d3-5db5-94cf-22971436cf70,패배,20/13/34
#8390158752,2026-09-22 03:17,d18ec7c7-d61a-58b8-98d9-ee36e9b5ce58,패배,8/13/32
#8390158752,2026-09-22 03:17,b5380629-d74b-5796-8e72-98a060d864de,패배,10/12/40
#8390158752,2026-09-22 03:17,9cf20ad8-ea37-5c6b-a6f7-3b5d69dce526,승리,5/14/52
#8390158752,2026-09-22 03:17,7e2bfe82-2409-5da9-968b-246723d3b167,승리,11/8/38
#8390158752,2026-09-22 03:17,77bb09d0-2c95-596d-885a-3be23112cc76,승리,11/29/26
#8390158752,2026-09-22 03:17,31e88dc8-bc4a-5b0e-b7f0-9d47bec34024,승리,29/14/14
#8390158752,2026-09-22 03:17,88b9f221-d8c1-5594-a2f8-820fe8a4050c,승리,11/12/45
#8390170592,2026-09-22 03:41,6e7fb432-787b-5c46-96ef-660a6ea09754,패배,20/14/30
#8390170592,2026-09-22 03:41,5e13fc05-ff0c-5435-80dd-63bbd252f467,패배,8/14/35
#8390170592,2026-09-22 03:41,d18ec7c7-d61a-58b8-98d9-ee36e9b5ce58,패배,17/15/23
#8390170592,2026-09-22 03:41,b5380629-d74b-5796-8e72-98a060d864de,패배,7/12/36
#8390170592,2026-09-22 03:41,f691451d-87d3-5db5-94cf-22971436cf70,패배,13/17/18
#8390170592,2026-09-22 03:41,9cf20ad8-ea37-5c6b-a6f7-3b5d69dce526,승리,5/14/39
#8390170592,2026-09-22 03:41,7e2bfe82-2409-5da9-968b-246723d3b167,승리,39/16/14
#8390170592,2026-09-22 03:41,88b9f221-d8c1-5594-a2f8-820fe8a4050c,승리,6/8/34
#8390170592,2026-09-22 03:41,31e88dc8-bc4a-5b0e-b7f0-9d47bec34024,승리,12/10/25
#8390170592,2026-09-22 03:41,77bb09d0-2c95-596d-885a-3be23112cc76,승리,10/17/27
#8392626213,2026-09-24 03:45,1d7539b5-5566-57d4-b9cd-5158923a589d,패배,23/7/10
#8392626213,2026-09-24 03:45,454320a7-8c33-58cc-a8ce-300dd2f3c4b9,패배,2/7/37
#8392626213,2026-09-24 03:45,cac75d28-bc8f-535a-9cba-80d88502dbd1,패배,5/7/31
#8392626213,2026-09-24 03:45,15e34f7e-6eb9-5638-b11d-47284ddad510,패배,7/9/19
#8392626213,2026-09-24 03:45,88b9f221-d8c1-5594-a2f8-820fe8a4050c,패배,9/8/26
#8392626213,2026-09-24 03:45,5e13fc05-ff0c-5435-80dd-63bbd252f467,승리,13/7/19
#8392626213,2026-09-24 03:45,e25a31d2-835a-56f0-9cce-fd4438f88124,승리,8/8/11
#8392626213,2026-09-24 03:45,77a65121-6eb2-5e4a-af35-c55ad40ec191,승리,3/12/18
#8392626213,2026-09-24 03:45,7e2bfe82-2409-5da9-968b-246723d3b167,승리,9/9/18
#8392626213,2026-09-24 03:45,ce01c0d8-8ebf-57c1-b433-88aa89739103,승리,5/10/11
#8392624612,2026-09-24 04:03,1d7539b5-5566-57d4-b9cd-5158923a589d,승리,24/11/27
#8392624612,2026-09-24 04:03,5e13fc05-ff0c-5435-80dd-63bbd252f467,패배,8/12/24
#8392624612,2026-09-24 04:03,ce01c0d8-8ebf-57c1-b433-88aa89739103,패배,11/12/15
#8392624612,2026-09-24 04:03,7e2bfe82-2409-5da9-968b-246723d3b167,패배,4/17/18
#8392624612,2026-09-24 04:03,e25a31d2-835a-56f0-9cce-fd4438f88124,패배,11/14/19
#8392624612,2026-09-24 04:03,77a65121-6eb2-5e4a-af35-c55ad40ec191,패배,14/15/18
#8392624612,2026-09-24 04:03,cac75d28-bc8f-535a-9cba-80d88502dbd1,승리,7/9/49
#8392624612,2026-09-24 04:03,454320a7-8c33-58cc-a8ce-300dd2f3c4b9,승리,20/13/40
#8392624612,2026-09-24 04:03,15e34f7e-6eb9-5638-b11d-47284ddad510,승리,6/5/42
#8392624612,2026-09-24 04:03,88b9f221-d8c1-5594-a2f8-820fe8a4050c,승리,13/10/33
#8392625943,2026-09-24 04:20,1d7539b5-5566-57d4-b9cd-5158923a589d,패배,13/9/29
#8392625943,2026-09-24 04:20,5e13fc05-ff0c-5435-80dd-63bbd252f467,승리,3/14/25
#8392625943,2026-09-24 04:20,ce01c0d8-8ebf-57c1-b433-88aa89739103,승리,3/8/26
#8392625943,2026-09-24 04:20,7e2bfe82-2409-5da9-968b-246723d3b167,승리,9/10/24
#8392625943,2026-09-24 04:20,e25a31d2-835a-56f0-9cce-fd4438f88124,승리,25/14/13
#8392625943,2026-09-24 04:20,77a65121-6eb2-5e4a-af35-c55ad40ec191,승리,6/12/17
#8392625943,2026-09-24 04:20,cac75d28-bc8f-535a-9cba-80d88502dbd1,패배,2/6/43
#8392625943,2026-09-24 04:20,454320a7-8c33-58cc-a8ce-300dd2f3c4b9,패배,18/12/21
#8392625943,2026-09-24 04:20,15e34f7e-6eb9-5638-b11d-47284ddad510,패배,9/8/28
#8392625943,2026-09-24 04:20,88b9f221-d8c1-5594-a2f8-820fe8a4050c,패배,16/11/20
#8392651309,2026-09-24 04:44,1d7539b5-5566-57d4-b9cd-5158923a589d,패배,5/8/12
#8392651309,2026-09-24 04:44,7e2bfe82-2409-5da9-968b-246723d3b167,승리,13/7/21
#8392651309,2026-09-24 04:44,454320a7-8c33-58cc-a8ce-300dd2f3c4b9,승리,14/6/22
#8392651309,2026-09-24 04:44,cac75d28-bc8f-535a-9cba-80d88502dbd1,승리,5/6/22
#8392651309,2026-09-24 04:44,15e34f7e-6eb9-5638-b11d-47284ddad510,승리,4/7/22
#8392651309,2026-09-24 04:44,a9db9a65-0da7-5616-b730-3d375f24d0fe,승리,4/7/19
#8392651309,2026-09-24 04:44,e25a31d2-835a-56f0-9cce-fd4438f88124,패배,12/8/9
#8392651309,2026-09-24 04:44,ce01c0d8-8ebf-57c1-b433-88aa89739103,패배,7/7/13
#8392651309,2026-09-24 04:44,5e13fc05-ff0c-5435-80dd-63bbd252f467,패배,8/8/12
#8392651309,2026-09-24 04:44,77a65121-6eb2-5e4a-af35-c55ad40ec191,패배,1/9/17
#8392658477,2026-09-24 05:02,1d7539b5-5566-57d4-b9cd-5158923a589d,승리,18/9/41
#8392658477,2026-09-24 05:02,5e13fc05-ff0c-5435-80dd-63bbd252f467,승리,6/9/57
#8392658477,2026-09-24 05:02,e25a31d2-835a-56f0-9cce-fd4438f88124,승리,26/9/26
#8392658477,2026-09-24 05:02,ce01c0d8-8ebf-57c1-b433-88aa89739103,승리,16/9/26
#8392658477,2026-09-24 05:02,77a65121-6eb2-5e4a-af35-c55ad40ec191,승리,7/12/28
#8392658477,2026-09-24 05:02,cac75d28-bc8f-535a-9cba-80d88502dbd1,패배,4/19/19
#8392658477,2026-09-24 05:02,7e2bfe82-2409-5da9-968b-246723d3b167,패배,9/13/27
#8392658477,2026-09-24 05:02,15e34f7e-6eb9-5638-b11d-47284ddad510,패배,9/11/16
#8392658477,2026-09-24 05:02,454320a7-8c33-58cc-a8ce-300dd2f3c4b9,패배,10/17/17
#8392658477,2026-09-24 05:02,a9db9a65-0da7-5616-b730-3d375f24d0fe,패배,15/13/18
#8392653802,2026-09-24 05:24,1d7539b5-5566-57d4-b9cd-5158923a589d,패배,1/6/24
#8392653802,2026-09-24 05:24,5e13fc05-ff0c-5435-80dd-63bbd252f467,패배,11/10/16
#8392653802,2026-09-24 05:24,e25a31d2-835a-56f0-9cce-fd4438f88124,패배,9/10/15
#8392653802,2026-09-24 05:24,ce01c0d8-8ebf-57c1-b433-88aa89739103,패배,8/10/18
#8392653802,2026-09-24 05:24,77a65121-6eb2-5e4a-af35-c55ad40ec191,패배,9/10/15
#8392653802,2026-09-24 05:24,cac75d28-bc8f-535a-9cba-80d88502dbd1,승리,8/7/15
#8392653802,2026-09-24 05:24,7e2bfe82-2409-5da9-968b-246723d3b167,승리,23/8/17
#8392653802,2026-09-24 05:24,15e34f7e-6eb9-5638-b11d-47284ddad510,승리,3/7/20
#8392653802,2026-09-24 05:24,454320a7-8c33-58cc-a8ce-300dd2f3c4b9,승리,8/7/24
#8392653802,2026-09-24 05:24,a9db9a65-0da7-5616-b730-3d375f24d0fe,승리,4/10/24
#8395325616,2026-09-26 00:33,7e2bfe82-2409-5da9-968b-246723d3b167,승리,18/10/18
#8395325616,2026-09-26 00:33,fd30acf7-dfb6-55e3-8ee1-8463244a92d5,패배,8/14/18
#8395325616,2026-09-26 00:33,cac75d28-bc8f-535a-9cba-80d88502dbd1,패배,3/9/33
#8395325616,2026-09-26 00:33,aa2fbfdd-c17f-5e1b-a04e-8567e1c45d5e,패배,5/12/20
#8395325616,2026-09-26 00:33,dd292162-22fe-59b5-9f3e-7dc56a96567d,패배,5/7/28
#8395325616,2026-09-26 00:33,e25a31d2-835a-56f0-9cce-fd4438f88124,패배,21/8/16
#8395325616,2026-09-26 00:33,1f538f56-a518-52c5-bb47-38b1b42846d6,승리,2/12/33
#8395325616,2026-09-26 00:33,9045a0a5-c836-5c5e-baeb-a879ec639cf4,승리,3/4/42
#8395325616,2026-09-26 00:33,5e13fc05-ff0c-5435-80dd-63bbd252f467,승리,15/10/21
#8395325616,2026-09-26 00:33,676f3610-d9c9-5727-a5bd-d93aac82cad2,승리,12/6/25
#8395367190,2026-09-26 00:51,7e2bfe82-2409-5da9-968b-246723d3b167,승리,13/9/38
#8395367190,2026-09-26 00:51,5e13fc05-ff0c-5435-80dd-63bbd252f467,승리,19/9/26
#8395367190,2026-09-26 00:51,676f3610-d9c9-5727-a5bd-d93aac82cad2,승리,26/11/33
#8395367190,2026-09-26 00:51,1f538f56-a518-52c5-bb47-38b1b42846d6,승리,8/12/30
#8395367190,2026-09-26 00:51,9045a0a5-c836-5c5e-baeb-a879ec639cf4,승리,9/9/45
#8395367190,2026-09-26 00:51,aa2fbfdd-c17f-5e1b-a04e-8567e1c45d5e,패배,10/16/15
#8395367190,2026-09-26 00:51,fd30acf7-dfb6-55e3-8ee1-8463244a92d5,패배,14/18/26
#8395367190,2026-09-26 00:51,e25a31d2-835a-56f0-9cce-fd4438f88124,패배,18/14/15
#8395367190,2026-09-26 00:51,cac75d28-bc8f-535a-9cba-80d88502dbd1,패배,4/13/27
#8395367190,2026-09-26 00:51,dd292162-22fe-59b5-9f3e-7dc56a96567d,패배,4/14/22
#8395385958,2026-09-26 01:12,7e2bfe82-2409-5da9-968b-246723d3b167,승리,28/9/18
#8395385958,2026-09-26 01:12,5e13fc05-ff0c-5435-80dd-63bbd252f467,승리,8/7/31
#8395385958,2026-09-26 01:12,9045a0a5-c836-5c5e-baeb-a879ec639cf4,승리,4/7/40
#8395385958,2026-09-26 01:12,676f3610-d9c9-5727-a5bd-d93aac82cad2,승리,10/2/29
#8395385958,2026-09-26 01:12,1f538f56-a518-52c5-bb47-38b1b42846d6,승리,7/6/30
#8395385958,2026-09-26 01:12,aa2fbfdd-c17f-5e1b-a04e-8567e1c45d5e,패배,4/9/12
#8395385958,2026-09-26 01:12,fd30acf7-dfb6-55e3-8ee1-8463244a92d5,패배,14/12/12
#8395385958,2026-09-26 01:12,cac75d28-bc8f-535a-9cba-80d88502dbd1,패배,2/11/17
#8395385958,2026-09-26 01:12,dd292162-22fe-59b5-9f3e-7dc56a96567d,패배,2/12/18
#8395385958,2026-09-26 01:12,e25a31d2-835a-56f0-9cce-fd4438f88124,패배,8/13/12
#8395426628,2026-09-26 01:36,7e2bfe82-2409-5da9-968b-246723d3b167,패배,18/14/12
#8395426628,2026-09-26 01:36,9045a0a5-c836-5c5e-baeb-a879ec639cf4,승리,4/9/36
#8395426628,2026-09-26 01:36,676f3610-d9c9-5727-a5bd-d93aac82cad2,승리,5/5/33
#8395426628,2026-09-26 01:36,4a220ce1-abbb-57df-9bd2-e974b33452e5,승리,23/11/22
#8395426628,2026-09-26 01:36,fd30acf7-dfb6-55e3-8ee1-8463244a92d5,승리,13/8/26
#8395426628,2026-09-26 01:36,5e13fc05-ff0c-5435-80dd-63bbd252f467,승리,12/10/28
#8395426628,2026-09-26 01:36,cac75d28-bc8f-535a-9cba-80d88502dbd1,패배,3/9/24
#8395426628,2026-09-26 01:36,e25a31d2-835a-56f0-9cce-fd4438f88124,패배,6/8/25
#8395426628,2026-09-26 01:36,ce01c0d8-8ebf-57c1-b433-88aa89739103,패배,5/12/20
#8395426628,2026-09-26 01:36,dd292162-22fe-59b5-9f3e-7dc56a96567d,패배,11/14/15
#8395448617,2026-09-26 01:53,7e2bfe82-2409-5da9-968b-246723d3b167,패배,7/10/18
#8395448617,2026-09-26 01:53,ce01c0d8-8ebf-57c1-b433-88aa89739103,패배,3/10/24
#8395448617,2026-09-26 01:53,cac75d28-bc8f-535a-9cba-80d88502dbd1,패배,8/14/11
#8395448617,2026-09-26 01:53,dd292162-22fe-59b5-9f3e-7dc56a96567d,패배,9/6/14
#8395448617,2026-09-26 01:53,e25a31d2-835a-56f0-9cce-fd4438f88124,패배,8/11/13
#8395448617,2026-09-26 01:53,9045a0a5-c836-5c5e-baeb-a879ec639cf4,승리,3/4/41
#8395448617,2026-09-26 01:53,fd30acf7-dfb6-55e3-8ee1-8463244a92d5,승리,15/7/21
#8395448617,2026-09-26 01:53,4a220ce1-abbb-57df-9bd2-e974b33452e5,승리,16/8/23
#8395448617,2026-09-26 01:53,5e13fc05-ff0c-5435-80dd-63bbd252f467,승리,7/10/27
#8395448617,2026-09-26 01:53,676f3610-d9c9-5727-a5bd-d93aac82cad2,승리,10/6/16
#8395470657,2026-09-26 02:13,7e2bfe82-2409-5da9-968b-246723d3b167,패배,25/9/13
#8395470657,2026-09-26 02:13,ce01c0d8-8ebf-57c1-b433-88aa89739103,패배,5/8/26
#8395470657,2026-09-26 02:13,cac75d28-bc8f-535a-9cba-80d88502dbd1,패배,11/12/26
#8395470657,2026-09-26 02:13,dd292162-22fe-59b5-9f3e-7dc56a96567d,패배,0/7/45
#8395470657,2026-09-26 02:13,e25a31d2-835a-56f0-9cce-fd4438f88124,패배,7/11/16
#8395470657,2026-09-26 02:13,9045a0a5-c836-5c5e-baeb-a879ec639cf4,승리,3/10/29
#8395470657,2026-09-26 02:13,fd30acf7-dfb6-55e3-8ee1-8463244a92d5,승리,16/8/10
#8395470657,2026-09-26 02:13,4a220ce1-abbb-57df-9bd2-e974b33452e5,승리,7/10/24
#8395470657,2026-09-26 02:13,5e13fc05-ff0c-5435-80dd-63bbd252f467,승리,4/11/18
#8395470657,2026-09-26 02:13,676f3610-d9c9-5727-a5bd-d93aac82cad2,승리,17/9/20
#8395495556,2026-09-26 02:36,ce01c0d8-8ebf-57c1-b433-88aa89739103,패배,10/9/21
#8395495556,2026-09-26 02:36,cac75d28-bc8f-535a-9cba-80d88502dbd1,패배,11/9/18
#8395495556,2026-09-26 02:36,454320a7-8c33-58cc-a8ce-300dd2f3c4b9,패배,14/11/25
#8395495556,2026-09-26 02:36,5e13fc05-ff0c-5435-80dd-63bbd252f467,패배,8/13/19
#8395495556,2026-09-26 02:36,9045a0a5-c836-5c5e-baeb-a879ec639cf4,패배,10/8/31
#8395495556,2026-09-26 02:36,dd292162-22fe-59b5-9f3e-7dc56a96567d,승리,3/10/15
#8395495556,2026-09-26 02:36,6a4f5512-0b22-5bd1-ae85-8d8c07d751ab,승리,6/9/22
#8395495556,2026-09-26 02:36,7e2bfe82-2409-5da9-968b-246723d3b167,승리,15/13/19
#8395495556,2026-09-26 02:36,e25a31d2-835a-56f0-9cce-fd4438f88124,승리,20/11/8
#8395495556,2026-09-26 02:36,4a220ce1-abbb-57df-9bd2-e974b33452e5,승리,6/10/18
#8395529128,2026-09-26 03:00,4a220ce1-abbb-57df-9bd2-e974b33452e5,패배,14/12/30
#8395529128,2026-09-26 03:00,6a4f5512-0b22-5bd1-ae85-8d8c07d751ab,패배,11/16/15
#8395529128,2026-09-26 03:00,7e2bfe82-2409-5da9-968b-246723d3b167,패배,7/19/23
#8395529128,2026-09-26 03:00,e25a31d2-835a-56f0-9cce-fd4438f88124,패배,10/13/34
#8395529128,2026-09-26 03:00,dd292162-22fe-59b5-9f3e-7dc56a96567d,패배,11/15/25
#8395529128,2026-09-26 03:00,ce01c0d8-8ebf-57c1-b433-88aa89739103,승리,13/11/24
#8395529128,2026-09-26 03:00,5e13fc05-ff0c-5435-80dd-63bbd252f467,승리,21/11/22
#8395529128,2026-09-26 03:00,454320a7-8c33-58cc-a8ce-300dd2f3c4b9,승리,24/14/22
#8395529128,2026-09-26 03:00,cac75d28-bc8f-535a-9cba-80d88502dbd1,승리,10/9/48
#8395529128,2026-09-26 03:00,9045a0a5-c836-5c5e-baeb-a879ec639cf4,승리,7/8/40
#8395529686,2026-09-26 03:19,4a220ce1-abbb-57df-9bd2-e974b33452e5,패배,3/12/19
#8395529686,2026-09-26 03:19,6a4f5512-0b22-5bd1-ae85-8d8c07d751ab,패배,6/6/15
#8395529686,2026-09-26 03:19,7e2bfe82-2409-5da9-968b-246723d3b167,패배,9/7/14
#8395529686,2026-09-26 03:19,e25a31d2-835a-56f0-9cce-fd4438f88124,패배,10/10/13
#8395529686,2026-09-26 03:19,dd292162-22fe-59b5-9f3e-7dc56a96567d,패배,6/5/14
#8395529686,2026-09-26 03:19,ce01c0d8-8ebf-57c1-b433-88aa89739103,승리,2/4/22
#8395529686,2026-09-26 03:19,5e13fc05-ff0c-5435-80dd-63bbd252f467,승리,8/6/27
#8395529686,2026-09-26 03:19,454320a7-8c33-58cc-a8ce-300dd2f3c4b9,승리,17/8/12
#8395529686,2026-09-26 03:19,cac75d28-bc8f-535a-9cba-80d88502dbd1,승리,9/6/19
#8395529686,2026-09-26 03:19,9045a0a5-c836-5c5e-baeb-a879ec639cf4,승리,4/11/28
#8400801352,2026-09-30 03:38,88b9f221-d8c1-5594-a2f8-820fe8a4050c,패배,3/10/12
#8400801352,2026-09-30 03:38,7a8ba539-7e36-5ebc-8c84-affc83acb409,패배,15/7/8
#8400801352,2026-09-30 03:38,6a4f5512-0b22-5bd1-ae85-8d8c07d751ab,패배,4/14/13
#8400801352,2026-09-30 03:38,1d7539b5-5566-57d4-b9cd-5158923a589d,패배,5/7/20
#8400801352,2026-09-30 03:38,e25a31d2-835a-56f0-9cce-fd4438f88124,패배,8/9/18
#8400801352,2026-09-30 03:38,7e2bfe82-2409-5da9-968b-246723d3b167,승리,21/5/17
#8400801352,2026-09-30 03:38,d18ec7c7-d61a-58b8-98d9-ee36e9b5ce58,승리,7/9/17
#8400801352,2026-09-30 03:38,015afc84-5281-50ca-bbd0-3773fe9d3b2f,승리,9/11/13
#8400801352,2026-09-30 03:38,cac75d28-bc8f-535a-9cba-80d88502dbd1,승리,9/6/27
#8400801352,2026-09-30 03:38,5e13fc05-ff0c-5435-80dd-63bbd252f467,승리,1/5/38
#8400804593,2026-09-30 03:58,5e13fc05-ff0c-5435-80dd-63bbd252f467,승리,17/9/17
#8400804593,2026-09-30 03:58,cac75d28-bc8f-535a-9cba-80d88502dbd1,승리,16/7/20
#8400804593,2026-09-30 03:58,d18ec7c7-d61a-58b8-98d9-ee36e9b5ce58,승리,6/11/21
#8400804593,2026-09-30 03:58,7e2bfe82-2409-5da9-968b-246723d3b167,승리,11/7/26
#8400804593,2026-09-30 03:58,015afc84-5281-50ca-bbd0-3773fe9d3b2f,승리,4/7/30
#8400804593,2026-09-30 03:58,6a4f5512-0b22-5bd1-ae85-8d8c07d751ab,패배,0/9/30
#8400804593,2026-09-30 03:58,88b9f221-d8c1-5594-a2f8-820fe8a4050c,패배,6/9/25
#8400804593,2026-09-30 03:58,1d7539b5-5566-57d4-b9cd-5158923a589d,패배,9/18/23
#8400804593,2026-09-30 03:58,e25a31d2-835a-56f0-9cce-fd4438f88124,패배,11/10/17
#8400804593,2026-09-30 03:58,7a8ba539-7e36-5ebc-8c84-affc83acb409,패배,15/8/18
#8400820578,2026-09-30 04:13,5e13fc05-ff0c-5435-80dd-63bbd252f467,승리,15/10/25
#8400820578,2026-09-30 04:13,cac75d28-bc8f-535a-9cba-80d88502dbd1,승리,9/7/29
#8400820578,2026-09-30 04:13,d18ec7c7-d61a-58b8-98d9-ee36e9b5ce58,승리,8/11/32
#8400820578,2026-09-30 04:13,7e2bfe82-2409-5da9-968b-246723d3b167,승리,21/8/26
#8400820578,2026-09-30 04:13,015afc84-5281-50ca-bbd0-3773fe9d3b2f,승리,8/12/24
#8400820578,2026-09-30 04:13,6a4f5512-0b22-5bd1-ae85-8d8c07d751ab,패배,3/15/23
#8400820578,2026-09-30 04:13,e25a31d2-835a-56f0-9cce-fd4438f88124,패배,15/12/16
#8400820578,2026-09-30 04:13,1d7539b5-5566-57d4-b9cd-5158923a589d,패배,4/13/25
#8400820578,2026-09-30 04:13,88b9f221-d8c1-5594-a2f8-820fe8a4050c,패배,14/13/14
#8400820578,2026-09-30 04:13,7a8ba539-7e36-5ebc-8c84-affc83acb409,패배,12/8/26
#8400836071,2026-09-30 04:37,d18ec7c7-d61a-58b8-98d9-ee36e9b5ce58,승리,7/14/23
#8400836071,2026-09-30 04:37,15e34f7e-6eb9-5638-b11d-47284ddad510,승리,8/11/23
#8400836071,2026-09-30 04:37,7a8ba539-7e36-5ebc-8c84-affc83acb409,승리,2/11/14
#8400836071,2026-09-30 04:37,e25a31d2-835a-56f0-9cce-fd4438f88124,승리,15/8/7
#8400836071,2026-09-30 04:37,1d7539b5-5566-57d4-b9cd-5158923a589d,승리,15/10/14
#8400836071,2026-09-30 04:37,88b9f221-d8c1-5594-a2f8-820fe8a4050c,패배,7/4/31
#8400836071,2026-09-30 04:37,6e7fb432-787b-5c46-96ef-660a6ea09754,패배,15/10/16
#8400836071,2026-09-30 04:37,5e13fc05-ff0c-5435-80dd-63bbd252f467,패배,16/10/19
#8400836071,2026-09-30 04:37,015afc84-5281-50ca-bbd0-3773fe9d3b2f,패배,4/14/23
#8400836071,2026-09-30 04:37,7e2bfe82-2409-5da9-968b-246723d3b167,패배,12/9/27
#8400847062,2026-09-30 05:00,6e7fb432-787b-5c46-96ef-660a6ea09754,승리,7/17/37
#8400847062,2026-09-30 05:00,5e13fc05-ff0c-5435-80dd-63bbd252f467,승리,24/9/44
#8400847062,2026-09-30 05:00,7e2bfe82-2409-5da9-968b-246723d3b167,승리,23/14/30
#8400847062,2026-09-30 05:00,015afc84-5281-50ca-bbd0-3773fe9d3b2f,승리,5/15/35
#8400847062,2026-09-30 05:00,88b9f221-d8c1-5594-a2f8-820fe8a4050c,승리,24/11/35
#8400847062,2026-09-30 05:00,15e34f7e-6eb9-5638-b11d-47284ddad510,패배,4/13/42
#8400847062,2026-09-30 05:00,1d7539b5-5566-57d4-b9cd-5158923a589d,패배,24/16/28
#8400847062,2026-09-30 05:00,7a8ba539-7e36-5ebc-8c84-affc83acb409,패배,14/13/26
#8400847062,2026-09-30 05:00,d18ec7c7-d61a-58b8-98d9-ee36e9b5ce58,패배,9/21/33
#8400847062,2026-09-30 05:00,e25a31d2-835a-56f0-9cce-fd4438f88124,패배,15/20/19
#8400839358,2026-09-30 05:20,6e7fb432-787b-5c46-96ef-660a6ea09754,승리,8/7/20
#8400839358,2026-09-30 05:20,5e13fc05-ff0c-5435-80dd-63bbd252f467,승리,2/6/28
#8400839358,2026-09-30 05:20,015afc84-5281-50ca-bbd0-3773fe9d3b2f,승리,5/6/25
#8400839358,2026-09-30 05:20,7e2bfe82-2409-5da9-968b-246723d3b167,승리,18/5/16
#8400839358,2026-09-30 05:20,88b9f221-d8c1-5594-a2f8-820fe8a4050c,승리,8/5/23
#8400839358,2026-09-30 05:20,15e34f7e-6eb9-5638-b11d-47284ddad510,패배,4/9/13
#8400839358,2026-09-30 05:20,1d7539b5-5566-57d4-b9cd-5158923a589d,패배,12/8/9
#8400839358,2026-09-30 05:20,7a8ba539-7e36-5ebc-8c84-affc83acb409,패배,6/6/18
#8400839358,2026-09-30 05:20,d18ec7c7-d61a-58b8-98d9-ee36e9b5ce58,패배,4/11/13
#8400839358,2026-09-30 05:20,e25a31d2-835a-56f0-9cce-fd4438f88124,패배,3/8/13
#8400857157,2026-09-30 05:36,6e7fb432-787b-5c46-96ef-660a6ea09754,패배,13/19/38
#8400857157,2026-09-30 05:36,5e13fc05-ff0c-5435-80dd-63bbd252f467,패배,32/14/34
#8400857157,2026-09-30 05:36,7e2bfe82-2409-5da9-968b-246723d3b167,패배,37/19/20
#8400857157,2026-09-30 05:36,015afc84-5281-50ca-bbd0-3773fe9d3b2f,패배,18/23/29
#8400857157,2026-09-30 05:36,88b9f221-d8c1-5594-a2f8-820fe8a4050c,패배,4/17/54
#8400857157,2026-09-30 05:36,15e34f7e-6eb9-5638-b11d-47284ddad510,승리,30/17/33
#8400857157,2026-09-30 05:36,1d7539b5-5566-57d4-b9cd-5158923a589d,승리,14/24/48
#8400857157,2026-09-30 05:36,7a8ba539-7e36-5ebc-8c84-affc83acb409,승리,13/18/37
#8400857157,2026-09-30 05:36,d18ec7c7-d61a-58b8-98d9-ee36e9b5ce58,승리,24/27/51
#8400857157,2026-09-30 05:36,e25a31d2-835a-56f0-9cce-fd4438f88124,승리,11/18/43
#8401802733,2026-10-01 02:14,7e2bfe82-2409-5da9-968b-246723d3b167,승리,19/9/12
#8401802733,2026-10-01 02:14,c0a4bb50-24f8-5d32-b20b-3e2a730399e7,승리,2/6/30
#8401802733,2026-10-01 02:14,5e13fc05-ff0c-5435-80dd-63bbd252f467,승리,7/3/19
#8401802733,2026-10-01 02:14,1d7539b5-5566-57d4-b9cd-5158923a589d,승리,15/7/15
#8401802733,2026-10-01 02:14,7a8ba539-7e36-5ebc-8c84-affc83acb409,승리,3/5/25
#8401802733,2026-10-01 02:14,bc7d9161-a7d7-559a-9a9f-ac3c63c6e84d,패배,20/8/8
#8401802733,2026-10-01 02:14,31e88dc8-bc4a-5b0e-b7f0-9d47bec34024,패배,0/8/20
#8401802733,2026-10-01 02:14,d18ec7c7-d61a-58b8-98d9-ee36e9b5ce58,패배,0/8/26
#8401802733,2026-10-01 02:14,6a4f5512-0b22-5bd1-ae85-8d8c07d751ab,패배,3/11/20
#8401802733,2026-10-01 02:14,32648f54-7e5b-571b-87d1-ee6ffdc14f5d,패배,7/11/14
#8401806934,2026-10-01 02:27,6a4f5512-0b22-5bd1-ae85-8d8c07d751ab,패배,9/11/22
#8401806934,2026-10-01 02:27,bc7d9161-a7d7-559a-9a9f-ac3c63c6e84d,패배,3/12/24
#8401806934,2026-10-01 02:27,d18ec7c7-d61a-58b8-98d9-ee36e9b5ce58,패배,11/15/23
#8401806934,2026-10-01 02:27,32648f54-7e5b-571b-87d1-ee6ffdc14f5d,패배,7/13/17
#8401806934,2026-10-01 02:27,31e88dc8-bc4a-5b0e-b7f0-9d47bec34024,패배,12/14/13
#8401806934,2026-10-01 02:27,1d7539b5-5566-57d4-b9cd-5158923a589d,승리,13/8/27
#8401806934,2026-10-01 02:27,5e13fc05-ff0c-5435-80dd-63bbd252f467,승리,5/4/55
#8401806934,2026-10-01 02:27,7e2bfe82-2409-5da9-968b-246723d3b167,승리,31/11/19
#8401806934,2026-10-01 02:27,c0a4bb50-24f8-5d32-b20b-3e2a730399e7,승리,3/10/47
#8401806934,2026-10-01 02:27,7a8ba539-7e36-5ebc-8c84-affc83acb409,승리,13/9/24
#8401815784,2026-10-01 02:51,6a4f5512-0b22-5bd1-ae85-8d8c07d751ab,패배,7/12/29
#8401815784,2026-10-01 02:51,bc7d9161-a7d7-559a-9a9f-ac3c63c6e84d,패배,11/15/39
#8401815784,2026-10-01 02:51,d18ec7c7-d61a-58b8-98d9-ee36e9b5ce58,패배,10/10/32
#8401815784,2026-10-01 02:51,32648f54-7e5b-571b-87d1-ee6ffdc14f5d,패배,19/13/21
#8401815784,2026-10-01 02:51,31e88dc8-bc4a-5b0e-b7f0-9d47bec34024,패배,12/10/43
#8401815784,2026-10-01 02:51,1d7539b5-5566-57d4-b9cd-5158923a589d,승리,11/18/21
#8401815784,2026-10-01 02:51,c0a4bb50-24f8-5d32-b20b-3e2a730399e7,승리,12/10/20
#8401815784,2026-10-01 02:51,7a8ba539-7e36-5ebc-8c84-affc83acb409,승리,5/7/26
#8401815784,2026-10-01 02:51,7e2bfe82-2409-5da9-968b-246723d3b167,승리,10/12/28
#8401815784,2026-10-01 02:51,5e13fc05-ff0c-5435-80dd-63bbd252f467,승리,22/12/20
#8401842151,2026-10-01 03:16,d18ec7c7-d61a-58b8-98d9-ee36e9b5ce58,패배,7/15/19
#8401842151,2026-10-01 03:16,c0a4bb50-24f8-5d32-b20b-3e2a730399e7,패배,4/6/14
#8401842151,2026-10-01 03:16,88b9f221-d8c1-5594-a2f8-820fe8a4050c,패배,3/10/20
#8401842151,2026-10-01 03:16,5e13fc05-ff0c-5435-80dd-63bbd252f467,패배,6/7/14
#8401842151,2026-10-01 03:16,7e2bfe82-2409-5da9-968b-246723d3b167,패배,13/13/10
#8401842151,2026-10-01 03:16,1d7539b5-5566-57d4-b9cd-5158923a589d,승리,11/6/27
#8401842151,2026-10-01 03:16,7a8ba539-7e36-5ebc-8c84-affc83acb409,승리,19/8/25
#8401842151,2026-10-01 03:16,9698fdaf-6098-5b6c-80f4-e1b06071009c,승리,14/6/25
#8401842151,2026-10-01 03:16,31e88dc8-bc4a-5b0e-b7f0-9d47bec34024,승리,5/6/33
#8401842151,2026-10-01 03:16,571b9bb0-8cd9-5b9e-81e6-814b49141ad4,승리,2/9/30
#8401835852,2026-10-01 03:33,1d7539b5-5566-57d4-b9cd-5158923a589d,승리,3/6/45
#8401835852,2026-10-01 03:33,7a8ba539-7e36-5ebc-8c84-affc83acb409,승리,20/8/24
#8401835852,2026-10-01 03:33,31e88dc8-bc4a-5b0e-b7f0-9d47bec34024,승리,11/4/22
#8401835852,2026-10-01 03:33,9698fdaf-6098-5b6c-80f4-e1b06071009c,승리,10/8/20
#8401835852,2026-10-01 03:33,571b9bb0-8cd9-5b9e-81e6-814b49141ad4,승리,6/11/26
#8401835852,2026-10-01 03:33,5e13fc05-ff0c-5435-80dd-63bbd252f467,패배,16/8/13
#8401835852,2026-10-01 03:33,7e2bfe82-2409-5da9-968b-246723d3b167,패배,14/10/11
#8401835852,2026-10-01 03:33,d18ec7c7-d61a-58b8-98d9-ee36e9b5ce58,패배,3/12/24
#8401835852,2026-10-01 03:33,c0a4bb50-24f8-5d32-b20b-3e2a730399e7,패배,0/12/26
#8401835852,2026-10-01 03:33,88b9f221-d8c1-5594-a2f8-820fe8a4050c,패배,4/8/16
#8401843611,2026-10-01 03:52,1d7539b5-5566-57d4-b9cd-5158923a589d,패배,3/11/18
#8401843611,2026-10-01 03:52,7a8ba539-7e36-5ebc-8c84-affc83acb409,패배,13/8/11
#8401843611,2026-10-01 03:52,31e88dc8-bc4a-5b0e-b7f0-9d47bec34024,패배,11/8/17
#8401843611,2026-10-01 03:52,9698fdaf-6098-5b6c-80f4-e1b06071009c,패배,3/6/26
#8401843611,2026-10-01 03:52,571b9bb0-8cd9-5b9e-81e6-814b49141ad4,패배,5/13/13
#8401843611,2026-10-01 03:52,5e13fc05-ff0c-5435-80dd-63bbd252f467,승리,6/8/33
#8401843611,2026-10-01 03:52,c0a4bb50-24f8-5d32-b20b-3e2a730399e7,승리,2/8/23
#8401843611,2026-10-01 03:52,d18ec7c7-d61a-58b8-98d9-ee36e9b5ce58,승리,20/10/17
#8401843611,2026-10-01 03:52,7e2bfe82-2409-5da9-968b-246723d3b167,승리,12/6/22
#8401843611,2026-10-01 03:52,88b9f221-d8c1-5594-a2f8-820fe8a4050c,승리,6/4/17
#8404187047,2026-10-03 04:45,3ecbcaa4-8cf5-5e3f-94c0-89d8af23ee8b,승리,14/7/26
#8404187047,2026-10-03 04:45,7e2bfe82-2409-5da9-968b-246723d3b167,승리,24/9/9
#8404187047,2026-10-03 04:45,4a220ce1-abbb-57df-9bd2-e974b33452e5,승리,5/15/24
#8404187047,2026-10-03 04:45,ce01c0d8-8ebf-57c1-b433-88aa89739103,승리,4/6/23
#8404187047,2026-10-03 04:45,1d7539b5-5566-57d4-b9cd-5158923a589d,승리,1/5/43
#8404187047,2026-10-03 04:45,9045a0a5-c836-5c5e-baeb-a879ec639cf4,패배,4/5/34
#8404187047,2026-10-03 04:45,cac75d28-bc8f-535a-9cba-80d88502dbd1,패배,12/11/17
#8404187047,2026-10-03 04:45,454320a7-8c33-58cc-a8ce-300dd2f3c4b9,패배,13/13/20
#8404187047,2026-10-03 04:45,5e13fc05-ff0c-5435-80dd-63bbd252f467,패배,7/7/18
#8404187047,2026-10-03 04:45,41e09551-926a-5c0d-a51d-22e93e95d748,패배,5/12/25
#8404176830,2026-10-03 05:05,9045a0a5-c836-5c5e-baeb-a879ec639cf4,승리,12/12/49
#8404176830,2026-10-03 05:05,5e13fc05-ff0c-5435-80dd-63bbd252f467,승리,10/8/43
#8404176830,2026-10-03 05:05,454320a7-8c33-58cc-a8ce-300dd2f3c4b9,승리,21/9/37
#8404176830,2026-10-03 05:05,cac75d28-bc8f-535a-9cba-80d88502dbd1,승리,19/11/37
#8404176830,2026-10-03 05:05,41e09551-926a-5c0d-a51d-22e93e95d748,승리,11/11/35
#8404176830,2026-10-03 05:05,ce01c0d8-8ebf-57c1-b433-88aa89739103,패배,14/11/16
#8404176830,2026-10-03 05:05,4a220ce1-abbb-57df-9bd2-e974b33452e5,패배,8/15/25
#8404176830,2026-10-03 05:05,3ecbcaa4-8cf5-5e3f-94c0-89d8af23ee8b,패배,7/14/22
#8404176830,2026-10-03 05:05,1d7539b5-5566-57d4-b9cd-5158923a589d,패배,5/18/21
#8404176830,2026-10-03 05:05,7e2bfe82-2409-5da9-968b-246723d3b167,패배,17/15/24
#8404182895,2026-10-03 05:28,9045a0a5-c836-5c5e-baeb-a879ec639cf4,패배,20/20/31
#8404182895,2026-10-03 05:28,5e13fc05-ff0c-5435-80dd-63bbd252f467,패배,14/14/33
#8404182895,2026-10-03 05:28,cac75d28-bc8f-535a-9cba-80d88502dbd1,패배,16/13/47
#8404182895,2026-10-03 05:28,454320a7-8c33-58cc-a8ce-300dd2f3c4b9,패배,15/20/29
#8404182895,2026-10-03 05:28,41e09551-926a-5c0d-a51d-22e93e95d748,패배,13/22/37
#8404182895,2026-10-03 05:28,ce01c0d8-8ebf-57c1-b433-88aa89739103,승리,7/14/58
#8404182895,2026-10-03 05:28,4a220ce1-abbb-57df-9bd2-e974b33452e5,승리,5/20/48
#8404182895,2026-10-03 05:28,3ecbcaa4-8cf5-5e3f-94c0-89d8af23ee8b,승리,26/11/50
#8404182895,2026-10-03 05:28,1d7539b5-5566-57d4-b9cd-5158923a589d,승리,3/15/65
#8404182895,2026-10-03 05:28,7e2bfe82-2409-5da9-968b-246723d3b167,승리,48/19/17
#8405708509,2026-10-04 06:22,1d7539b5-5566-57d4-b9cd-5158923a589d,승리,18/11/29
#8405708509,2026-10-04 06:22,7e2bfe82-2409-5da9-968b-246723d3b167,패배,14/16/18
#8405708509,2026-10-04 06:22,5e13fc05-ff0c-5435-80dd-63bbd252f467,패배,23/14/21
#8405708509,2026-10-04 06:22,cac75d28-bc8f-535a-9cba-80d88502dbd1,패배,6/19/17
#8405708509,2026-10-04 06:22,74f1ee22-c5a2-59b2-91b9-8f6b6ef71b9b,패배,4/11/23
#8405708509,2026-10-04 06:22,dd48b93f-132a-56f2-aa29-95bddefc4a53,패배,5/19/22
#8405708509,2026-10-04 06:22,d18ec7c7-d61a-58b8-98d9-ee36e9b5ce58,승리,25/14/24
#8405708509,2026-10-04 06:22,6e7fb432-787b-5c46-96ef-660a6ea09754,승리,20/16/21
#8405708509,2026-10-04 06:22,31e88dc8-bc4a-5b0e-b7f0-9d47bec34024,승리,10/7/52
#8405708509,2026-10-04 06:22,7a8ba539-7e36-5ebc-8c84-affc83acb409,승리,6/5/55
#8405705643,2026-10-04 06:46,6e7fb432-787b-5c46-96ef-660a6ea09754,승리,16/12/24
#8405705643,2026-10-04 06:46,1d7539b5-5566-57d4-b9cd-5158923a589d,승리,14/17/27
#8405705643,2026-10-04 06:46,d18ec7c7-d61a-58b8-98d9-ee36e9b5ce58,승리,11/12/27
#8405705643,2026-10-04 06:46,7a8ba539-7e36-5ebc-8c84-affc83acb409,승리,3/13/36
#8405705643,2026-10-04 06:46,31e88dc8-bc4a-5b0e-b7f0-9d47bec34024,승리,16/16/19
#8405705643,2026-10-04 06:46,cac75d28-bc8f-535a-9cba-80d88502dbd1,패배,17/9/35
#8405705643,2026-10-04 06:46,5e13fc05-ff0c-5435-80dd-63bbd252f467,패배,12/17/26
#8405705643,2026-10-04 06:46,7e2bfe82-2409-5da9-968b-246723d3b167,패배,29/12/15
#8405705643,2026-10-04 06:46,74f1ee22-c5a2-59b2-91b9-8f6b6ef71b9b,패배,4/7/52
#8405705643,2026-10-04 06:46,dd48b93f-132a-56f2-aa29-95bddefc4a53,패배,7/16/30
#8405712737,2026-10-04 07:10,6e7fb432-787b-5c46-96ef-660a6ea09754,패배,21/16/16
#8405712737,2026-10-04 07:10,1d7539b5-5566-57d4-b9cd-5158923a589d,패배,10/13/21
#8405712737,2026-10-04 07:10,d18ec7c7-d61a-58b8-98d9-ee36e9b5ce58,패배,10/12/17
#8405712737,2026-10-04 07:10,31e88dc8-bc4a-5b0e-b7f0-9d47bec34024,패배,5/10/16
#8405712737,2026-10-04 07:10,7a8ba539-7e36-5ebc-8c84-affc83acb409,패배,3/11/16
#8405712737,2026-10-04 07:10,cac75d28-bc8f-535a-9cba-80d88502dbd1,승리,12/7/27
#8405712737,2026-10-04 07:10,5e13fc05-ff0c-5435-80dd-63bbd252f467,승리,9/9/23
#8405712737,2026-10-04 07:10,7e2bfe82-2409-5da9-968b-246723d3b167,승리,20/13/21
#8405712737,2026-10-04 07:10,74f1ee22-c5a2-59b2-91b9-8f6b6ef71b9b,승리,9/9/23
#8405712737,2026-10-04 07:10,dd48b93f-132a-56f2-aa29-95bddefc4a53,승리,12/12/35
