롤닉,버전,마지막 실행
프 싱#1210,83.54,2026-10-04 08:03
망무새#난 망했어,83.53,2026-10-01 21:57
민병이#우는중중,83.4,2026-08-14 02:36
우 거#우 거,83.54,2026-10-04 08:31
한 별#해오름,83.53,2026-10-01 04:41
고운말하기#OwO,83.30,2026-08-23 22:54
Gyuse0k#KR1,83.54,2026-10-04 06:32
박대근#SOBIG,81.72,2026-07-14 02:34
윤 슬#저무는노을,83.28,2026-08-23 04:24
ap mid plzz#KR1,83.30,2026-08-24 01:49
깜짝 파티 조이#KR1,81.72,2026-07-14 04:27
치 쥬#레 곤,83.53,2026-10-03 02:18
맛동산장인  유미#Teana,83.54,2026-10-04 08:06
나 만#봇 치,83.33,2026-09-01 21:26
RayB#별이된기억,83.54,2026-10-04 00:29
그냥해#1230,83.53,2026-10-01 21:56
레멍이#0801,83.44,2026-09-20 01:02
용조련사#용 용,83.33,2026-09-01 04:53
karmsad#2718,83.53,2026-10-02 22:13
붉은 너구리#KR1,82.96,2026-08-11 21:02
미세먼지 괴로워#KR1,82.25,2026-07-20 22:29
아이스아메리카노#뜨겁게,83.53,2026-10-01 01:01
새벽 문 앞#저문 어제,82.17,2026-07-18 23:54
알았으면끄덕여#0609,83.44,2026-09-22 19:46
칼챔중증환자#방패의미학,82.72,2026-08-03 00:05
탱크보이 이우경#KR1,83.14,2026-08-17 21:07
김야옹#냥냥냥냥,83.33,2026-08-29 04:20
안서현#2005,83.31,2026-08-24 20:56
아 리#마법사,83.33,2026-09-02 21:57
파 랑#갓파랑,83.40,2026-09-15 21:51
Kaiser#KR0,82.40,2026-07-25 01:51
간절한명예소환사#0115,83.52,2026-09-29 21:52
일단즐겨#아님말고,83.53,2026-10-03 19:35
병장고양이#냐 옹,83.2,2026-08-13 21:59
태 웅#태 웅,83.44,2026-09-21 21:56
옴팡이#옴팡지게,82.40,2026-07-24 22:18
king#kjs,82.79,2026-08-07 02:13
뎁뚜처럼#DeFT,83.53,2026-10-02 23:09
앙앵모르딱#앵모딱,82.46,2026-07-27 23:47
Widersehen#KR1,82.66,2026-07-31 00:03
하 오#KR2,82.72,2026-08-02 19:52
wei ha#KR33,83.14,2026-08-18 02:33
또그입니까#SON,82.91,2026-08-09 04:59
배고배고#꼬르륵,83.44,2026-09-20 20:14
ロースピードフェイクリリック#HARU,82.68,2026-08-01 19:27
뇌룡오공#KR1,82.73,2026-08-04 00:08
우 유#아몬드,83.40,2026-09-16 23:57
티라노#REX,83.33,2026-08-31 20:00
푸비니정리#KR1,82.88,2026-08-09 00:20
한 입#쏘 옥,83.54,2026-10-04 07:55
규돌이#KR1,83.22,2026-08-19 01:24
냥뇽녕냥 전용 바위게#QWER,82.96,2026-08-12 05:00
숨막히는더위#KR1,83.33,2026-08-29 04:53
난곡야호#김재환,83.4,2026-08-15 04:24
盡人事聽天命#HRB,83.53,2026-10-03 16:58
야릇한 언니들#KR1,83.54,2026-10-04 00:29
마법공학뿅망치#니머리에,83.4,2026-08-14 03:27
The First Snow#KR1,83.53,2026-10-02 00:52
적 가 #KR1,83.33,2026-09-06 21:49
예니야#S 2,83.53,2026-10-01 07:55
덕현하콩만돌#KR00,83.44,2026-09-22 19:11
사 귐#KR1,83.44,2026-09-18 23:32
HLE Dynamic#HLEND,83.53,2026-10-03 18:59
레드 후드#낡은라디오,83.40,2026-09-15 14:21
루랄보이#KR1,83.26,2026-08-21 03:55
閑雲野鶴#1948,83.44,2026-09-19 21:59
흐접새우#KR1,83.33,2026-09-08 12:38
시귀봉진#KR1,83.31,2026-08-25 00:51
착 부#KR1,83.54,2026-10-04 01:15
팀원과싸우지말자#핑핑이오,83.31,2026-08-25 09:40
Xplory#KR1,83.31,2026-08-26 02:59
지 르#8209,83.31,2026-09-20 20:07
WuoShiShen#2718,83.31,2026-08-25 22:24
기머루#KR1,83.31,2026-08-26 02:24
나 만#봇 칭,83.33,2026-09-02 07:26
Day#KR94,83.32,2026-08-27 18:53
디카페인아메리카노#차갑게,83.33,2026-08-28 23:45
이게제최선입니다#노재능,83.47,2026-09-27 22:12
카페라떼한잔#pppp,83.53,2026-10-02 22:52
miyo#0704,83.53,2026-10-03 18:11
A Cup#KR1,83.44,2026-09-19 01:32
애 퉁#태 웅,83.37,2026-09-13 01:29
안냐세욤#쪼은데요,83.39,2026-09-14 01:52
노길길#KR1,83.54,2026-10-04 03:18
엄선생님#KR1,83.44,2026-09-24 22:07
네푸풋네푸풋#KR1,83.45,2026-09-25 19:52
Apieu0#부러져요,83.52,2026-09-30 06:00
수직낙하 하는중#KR1,83.54,2026-10-03 20:27
Dino Brother#KR1,83.53,2026-10-01 09:27
신 림#0609,83.53,2026-10-03 16:11
